title,company,location,semantic_similarity,first_seen_date,url
Sub Gerente Data y Governance,Mallplaza,"Huechuraba, Metropolitana, Chile",0.4591,2026-07-24,https://falabella.airavirtual.com/postula/BpNO8Ykn5duUKZoN9Q59?logged_action=apply&register=true
"Supervisor de Turno, FT, Sodimac Pudahuel",Sodimac,"Pudahuel, Metropolitana, Chile",0.4312,2026-07-24,https://falabella.airavirtual.com/postula/5r6TnJHajsiCaEiTh3VP?logged_action=apply&register=true
"Jefe/a de Transporte, Full Time, Warehouse",IKEA,"Pudahuel, Metropolitana, Chile",0.4129,2026-07-24,https://falabella.airavirtual.com/postula/khGyY7LLa6bG339zCHQm?logged_action=apply&register=true
"Experto en Seguridad y Salud Ocupacional, FT, Sodimac Calama",Sodimac,"Calama, Antofagasta, Chile",0.4064,2026-07-24,https://falabella.airavirtual.com/postula/jXMW64ZJsP9hYikBE8JF?logged_action=apply&register=true
Analista de Existencias P25 Hrs. SHC Chicureo,Sodimac,"Colina, Metropolitana, Chile",0.4045,2026-07-24,https://falabella.airavirtual.com/postula/pHnLQhCr7rrCNF8ptyRT?logged_action=apply&register=true
"Jefe Depto Ventas, FT, Sodimac San Bernardo",Sodimac,"San Bernardo, Metropolitana, Chile",0.3935,2026-07-24,https://falabella.airavirtual.com/postula/dIsBJWkVeYTNT7p9vdu8?logged_action=apply&register=true
"Jefe Depto Ventas, FT, Sodimac Linares",Sodimac,"Linares, Maule, Chile",0.3847,2026-07-24,https://falabella.airavirtual.com/postula/qm8Jv3rCChdTdSa4LOr9?logged_action=apply&register=true
UX Senior expert,Falabella Retail,"Las Condes, Metropolitana, Chile",0.3835,2026-07-24,https://falabella.airavirtual.com/postula/ysFSjTCROx04uulC2KwD?logged_action=apply&register=true
"Jefe Depto Ventas, FT, Sodimac Maipú",Sodimac,"Maipú, Metropolitana, Chile",0.3789,2026-07-24,https://falabella.airavirtual.com/postula/FlboSYGtzVvDL9t2UNyL?logged_action=apply&register=true
"Jefe Departamento Operacional, FT, Sodimac San Bernardo",Sodimac,"San Bernardo, Metropolitana, Chile",0.3708,2026-07-24,https://falabella.airavirtual.com/postula/0k3YsBRuX4yUFjWa6Qw0?logged_action=apply&register=true
Operador/a de Computador Falabella Quilpue,Falabella Retail,"Quilpué, Valparaíso, Chile",0.3696,2026-07-24,https://falabella.airavirtual.com/postula/tdmVRG7DG298rUJnonHO?logged_action=apply&register=true
"Operador/a de Computador, art22, Falabella Alto las Condes",Falabella Retail,"Santiago, Metropolitana, Chile",0.3653,2026-07-24,https://falabella.airavirtual.com/postula/Tx2KF2lfIHPsKhow1FA6?logged_action=apply&register=true
Asistente Comercial Banco,Ripley,Tda Plaza Egaña (Gesic) - Relación Comercial,0.3597,2026-07-24,https://ripley.csod.com/ux/ats/careersite/4/home/requisition/16866?c=ripley
"Operador/a de Computador,art22, Falabella San Felipe",Falabella Retail,"San Felipe, Valparaíso, Chile",0.357,2026-07-24,https://falabella.airavirtual.com/postula/sixzijRKrnCYCLcNzxKv?logged_action=apply&register=true
"Operador/a de Computador, art22, Falabella Plaza Norte",Falabella Retail,"Santiago, Metropolitana, Chile",0.3566,2026-07-24,https://falabella.airavirtual.com/postula/gAfOd8Go2ch53SivtUz8?logged_action=apply&register=true
"Experto en Seguridad y Salud Ocupacional, FT, HC Antofagasta",Sodimac,"Antofagasta, Antofagasta, Chile",0.3558,2026-07-24,https://falabella.airavirtual.com/postula/6Ltq8VZhJUoiws5q1vGH?logged_action=apply&register=true
"Supervisor/a de Cajas, FT, Sodimac Temuco",Sodimac,"Temuco, Araucanía, Chile",0.3521,2026-07-24,https://falabella.airavirtual.com/postula/iiWaKcv7kiXfUXdwSQ3D?logged_action=apply&register=true
Asesor/a de Clientes /Falabella Viña Mall / Jornada Full Time 42hrs semanales,Falabella Retail,"Viña del Mar, Valparaíso, Chile",0.3459,2026-07-24,https://falabella.airavirtual.com/postula/q1hCu0hQ5bx3kCvWXPsd?logged_action=apply&register=true
"Supervisor/a de cajas, FT 42 hrs, Sodimac Maitencillo",Sodimac,"Zapallar, Valparaíso, Chile",0.3415,2026-07-24,https://falabella.airavirtual.com/postula/RGUB5k480nadO6iZdw1H?logged_action=apply&register=true
"Jefe Depto Ventas, FT, Sodimac La Serena",Sodimac,"La Serena, Coquimbo, Chile",0.3367,2026-07-24,https://falabella.airavirtual.com/postula/yteHvclPRNB9Q16Ann5W?logged_action=apply&register=true
Ejecutivo de Venta Producto Financiero(R),Ripley,Tda Quilpue (Gesic) - Nuevos Clientes,0.335,2026-07-24,https://ripley.csod.com/ux/ats/careersite/4/home/requisition/23301?c=ripley
Ejecutivo de Venta Producto Financiero,Ripley,Tda La Calera (Gesic) - Sucursales,0.3317,2026-07-24,https://ripley.csod.com/ux/ats/careersite/4/home/requisition/22620?c=ripley
"Jefe Departamento Operacional, FT, HC PTO MONTT ALERCE",Sodimac,"Puerto Montt, Los Lagos, Chile",0.3226,2026-07-24,https://falabella.airavirtual.com/postula/dQNRM4rmZodifhNhh0HU?logged_action=apply&register=true
Asistente Comercial JP 25,Ripley,Tda Costanera Center (Gesic) - Sucursales,0.3188,2026-07-24,https://ripley.csod.com/ux/ats/careersite/4/home/requisition/21858?c=ripley
Vigilantes,Ripley,Tda Valparaiso - Seguridad,0.3123,2026-07-24,https://ripley.csod.com/ux/ats/careersite/4/home/requisition/22697?c=ripley
Analista Gestión Contratos Y Subcontratos,Walmart Chile,Huechuraba,0.2758,2026-07-24,https://postulawalmartchile.cl/vacante/detalle/4460757/external
Visual Tienda PT25 ALTO HOSPICIO,Sodimac,"Alto Hospicio, Tarapacá, Chile",0.2509,2026-07-24,https://falabella.airavirtual.com/postula/v32FgKsUZP3TpXSL2b0C?logged_action=apply&register=true
Ingeniero/a de Desarrollo - Ovalle,CCU,"Ovalle, Coquimbo, Chile",0.4591,2026-07-23,https://www.trabajaenccu.cl/trabajo/6105026-ingeniero-a-de-desarrollo-ovalle
"Jefe/a PGC, FT 42Hrs, Tottus Buin",Tottus,"Buin, Metropolitana, Chile",0.4478,2026-07-23,https://falabella.airavirtual.com/postula/vmOkrEPfypYC07WZoCie?logged_action=apply&register=true
Project Manager Contenidos,Mallplaza,"Huechuraba, Metropolitana, Chile",0.4409,2026-07-23,https://falabella.airavirtual.com/postula/2K31tjn0Eu1ZFaAEGaLk?logged_action=apply&register=true
IT Specialist,Falabella Corporativo,"Santiago, Metropolitana, Chile",0.4344,2026-07-23,https://falabella.airavirtual.com/postula/g5U0nbjvtPhuS6xOoami?logged_action=apply&register=true
"Core Area SSS CW, IKEA Plaza Oeste",IKEA,"Santiago, Metropolitana, Chile",0.4326,2026-07-23,https://falabella.airavirtual.com/postula/4ELjCkg4DDQ1TyYcCIFo?logged_action=apply&register=true
Supervisor Slotting - Centro Distribución Noviciado Logística Supermercados,cencosud,"Santiago, REGIÓN METROPOLITANA, CL",0.428,2026-07-23,https://cencosud.csod.com/ux/ats/careersite/5/home/requisition/14640?c=cencosud
Subgerente de Growth y Estrategia para Real Estate - Marketplace VIS,mercadolibre,"Región Metropolitana de Santiago,Chile",0.4253,2026-07-23,https://mercadolibre.eightfold.ai/careers/job/42030466
Consultor/a de DermoSkin Full Time - Providencia,Preunic,"Providencia, Metropolitana de Santiago",0.4126,2026-07-23,https://salcobrand.trabajando.cl/trabajo-empleo/consultor-a-de-dermoskin-full-time-providencia/trabajo/6105049
Jefe De Desarrollo,Walmart Chile,Quilicura,0.4084,2026-07-23,https://postulawalmartchile.cl/vacante/detalle/4459428/external
Product Manager Jr Easy,cencosud,"Santiago, REGION METROPOLITANA, CL",0.4072,2026-07-23,https://cencosud.csod.com/ux/ats/careersite/5/home/requisition/14644?c=cencosud
Category Manager - Gerencia Supermercado (Las Condes),Coca-Cola Embonor,"Las Condes, Metropolitana de Santiago",0.3982,2026-07-23,https://embonor.trabajando.cl/trabajo-empleo/category-manager-gerencia-supermercado-las-condes/trabajo/6104970
Asesor/a Especialista Americanino /Full Time Lunes a Viernes/ Falabella Antofagasta,Falabella Retail,"Antofagasta, Antofagasta, Chile",0.3928,2026-07-23,https://falabella.airavirtual.com/postula/HgKgxlb0H7KVetWEW6Jg?logged_action=apply&register=true
Jefe de unidad - Temuco,Colchones Rosen SAIC,"Temuco, La Araucanía",0.3902,2026-07-23,https://rosen.trabajando.cl/trabajo-empleo/jefe-de-unidad-temuco/trabajo/6105091
Asistente de Bodega Calzado Dama / Part Time 20 Hrs S/D / Falabella Plaza Norte,Falabella Retail,"Quilicura, Metropolitana, Chile",0.3871,2026-07-23,https://falabella.airavirtual.com/postula/IrVWXICLXNPrHKn5alFG?logged_action=apply&register=true
Guardia de Seguridad con OS10 Vigente / Part Time 20 Hrs. S/D/ Falabella Viña del Mar Mall,Falabella Retail,"Viña del Mar, Valparaíso, Chile",0.3869,2026-07-23,https://falabella.airavirtual.com/postula/oMAvb2SdP3UyHV0xLDEE?logged_action=apply&register=true
Asistente de Probadores y Cajas Autoservicio / Media Jornada Tarde 30 hrs. 5x2 / Falabella Plaza Norte,Falabella Retail,"Quilicura, Metropolitana, Chile",0.3857,2026-07-23,https://falabella.airavirtual.com/postula/nYXrsJHCwSrmIR6MgVH2?logged_action=apply&register=true
Asistente de Probador / FT 42 horas LV / Falabella Plaza Norte,Falabella Retail,"Quilicura, Metropolitana, Chile",0.3857,2026-07-23,https://falabella.airavirtual.com/postula/0m88qYZLLa6XBr888XpM?logged_action=apply&register=true
Asistente de Bodega / Part Time 20 Hrs. / Falabella Arica,Falabella Retail,"Arica, Arica y Parinacota, Chile",0.3841,2026-07-23,https://falabella.airavirtual.com/postula/V8zzDuPxqBOkQToBCY9K?logged_action=apply&register=true
Maestro de Mantención Sodimac HC Santa Cruz Jornada FT42 hrs,Sodimac,"Santa Cruz, Libertador B. O Higgins, Chile",0.3829,2026-07-23,https://falabella.airavirtual.com/postula/TUZ7bkwY5p5TpeSCAE8t?logged_action=apply&register=true
Jefe Operaciones - Machali,abc,"Machalí, Lib. Gral. Bdo. O'Higgins",0.3828,2026-07-23,https://abcdin.trabajando.cl/trabajo-empleo/jefe-operaciones-machali/trabajo/6105136
Comprador,Farmacias Ahumada S.A.,"Huechuraba, Metropolitana de Santiago",0.3825,2026-07-23,https://ahumada.trabajando.cl/trabajo-empleo/comprador/trabajo/6105354
"Administrativo/a de Tesorería, PT20, Falabella Tienda San Felipe",Falabella Retail,"San Felipe, Valparaíso, Chile",0.382,2026-07-23,https://falabella.airavirtual.com/postula/gx5mDvXDMyXxhbEeKkLR?logged_action=apply&register=true
Ayudante Logístico con Licencia Clase D - MERSAN Lo Espejo,Cantabria,"Lo Espejo, Metropolitana de Santiago",0.3809,2026-07-23,https://carozzi.trabajando.cl/trabajo-empleo/ayudante-logistico-con-licencia-clase-d-mersan-lo-espejo/trabajo/6105329
Asesores Especialistas/ Falabella Viña del mar Mall/Jornada Part Time Sábado y Domingo,Falabella Retail,"Viña del Mar, Valparaíso, Chile",0.3795,2026-07-23,https://falabella.airavirtual.com/postula/dfPL8j5RxvLvVprtgvpK?logged_action=apply&register=true
Guardia de Seguridad con OS10 / Part Time 20 Hrs. / Falabella La Calera,Falabella Retail,"Calera, Valparaíso, Chile",0.3773,2026-07-23,https://falabella.airavirtual.com/postula/AV7lQNVERTXwrviyrLwj?logged_action=apply&register=true
Promotor/a Marca Clarks/ Jornada Part Time 20 hrs sábado y Domingo/ Falabella Plaza Norte,Falabella Retail,"Santiago, Metropolitana, Chile",0.3772,2026-07-23,https://falabella.airavirtual.com/postula/rpLT9ZTU2CwYZtGMoFh3?logged_action=apply&register=true
Asesores Especialistas / Falabella Viña del mar Mall /Jornada Part Time sábado y Domingo/,Falabella Retail,"Viña del Mar, Valparaíso, Chile",0.3744,2026-07-23,https://falabella.airavirtual.com/postula/mLxpN9vydf47uHuehSqr?logged_action=apply&register=true
Promotor/a Calzado Damas/ Jornada Full Time 42 hrs/Lunes a Viernes/Falabella Alto las Condes,Falabella Retail,"Santiago, Metropolitana, Chile",0.3743,2026-07-23,https://falabella.airavirtual.com/postula/DFDuH6PlpfLJoJWFg4oQ?logged_action=apply&register=true
"Supervisor/a de Valores, PT 30, Tottus Rancagua",Tottus,"Santiago, Metropolitana, Chile",0.3731,2026-07-23,https://falabella.airavirtual.com/postula/OmwT4tbQ63Wb5uXYMzKa?logged_action=apply&register=true
"Coordinador/a de Abastecimiento, FT, Sodimac Independencia",Sodimac,"Independencia, Metropolitana, Chile",0.3722,2026-07-23,https://falabella.airavirtual.com/postula/xLRyYFaOlw1QdJQ8Pj6E?logged_action=apply&register=true
"Analista de Existencias, FT Hrs, Tottus Antofagasta Centro",Tottus,"Antofagasta, Antofagasta, Chile",0.3678,2026-07-23,https://falabella.airavirtual.com/postula/EtkqPhBjxixc07OoR1i4?logged_action=apply&register=true
Administrativo Contable,Falabella Retail,"Santiago, Metropolitana, Chile",0.3654,2026-07-23,https://falabella.airavirtual.com/postula/Mh7t4LIQ7AfQqgy9BFIN?logged_action=apply&register=true
"Auxiliar de Farmacia Integral - Apertura, Valdivia",Salcobrand,"Valdivia, Los Ríos",0.3651,2026-07-23,https://salcobrand.trabajando.cl/trabajo-empleo/auxiliar-de-farmacia-integral-apertura-valdivia/trabajo/6105408
Analista Marketplace(R),Ripley,Ofi Cerro Colorado 5240 - Internet,0.3638,2026-07-23,https://ripley.csod.com/ux/ats/careersite/4/home/requisition/22820?c=ripley
Ayudante de Bodega de Frío / Conductor de Grúa   MERSAN Lo Espejo,Cantabria,"Lo Espejo, Metropolitana de Santiago",0.362,2026-07-23,https://carozzi.trabajando.cl/trabajo-empleo/ayudante-de-bodega-de-frio-conductor-de-grua-mersan-lo-espejo/trabajo/6105326
Senior Software Engineer Backend - VIS,mercadolibre,"Santiago,Chile",0.3618,2026-07-23,https://mercadolibre.eightfold.ai/careers/job/43300605
Supervisión de Administración y Payroll para Mercado Envíos,mercadolibre,"Región Metropolitana de Santiago,Chile",0.3605,2026-07-23,https://mercadolibre.eightfold.ai/careers/job/37880495
¡Buscamos Ayudante de Bodega de Frío con Licencia Clase D - Lo Espejo!,Cantabria,"Lo Espejo, Metropolitana de Santiago",0.3602,2026-07-23,https://carozzi.trabajando.cl/trabajo-empleo/buscamos-ayudante-de-bodega-de-frio-con-licencia-clase-d-lo-espejo/trabajo/6105328
IT Support,Banco Falabella,"Las Condes, Metropolitana, Chile",0.3576,2026-07-23,https://falabella.airavirtual.com/postula/32ri4CV7i3Lhff3bhd0X?logged_action=apply&register=true
IKEA for Business Leader,IKEA,"Las Condes, Metropolitana, Chile",0.3568,2026-07-23,https://falabella.airavirtual.com/postula/AoiclAXtUtww2nMvhjQo?logged_action=apply&register=true
Asesor/a de Cliente Media Jornada Tarde 30hrs semanales/ Falabella Plaza Norte,Falabella Retail,"Las Condes, Metropolitana, Chile",0.3561,2026-07-23,https://falabella.airavirtual.com/postula/IhKskgeNBWxns7dOlYW2?logged_action=apply&register=true
Administrativo/a CDA. LOF 2 turno día 5x2 rotativo,Falabella Retail,"San Bernardo, Metropolitana, Chile",0.3558,2026-07-23,https://falabella.airavirtual.com/postula/YJyjLNGQLWyBz9zCvu87?logged_action=apply&register=true
Asesor/a de Cliente/ Media Jornada Tarde 30 Hrs Lunes a Viernes/ Falabella Plaza Norte,Falabella Retail,"Las Condes, Metropolitana, Chile",0.3479,2026-07-23,https://falabella.airavirtual.com/postula/FETY9cfh5OtJo5ifsso1?logged_action=apply&register=true
"Ejecutivo De Ventas Empresas, FT, Sodimac Talca",Sodimac,"Talca, Maule, Chile",0.3474,2026-07-23,https://falabella.airavirtual.com/postula/AYmmW1WCR5yW0DGKiKhW?logged_action=apply&register=true
Asistente Serv al Cliente y Ventas Sodimac HC Pte Alto PT25,Sodimac,"Puente Alto, Metropolitana, Chile",0.347,2026-07-23,https://falabella.airavirtual.com/postula/hoO0ezTf4riGmOEkJP2s?logged_action=apply&register=true
Analista de Administración y Payroll para Mercado Envíos,mercadolibre,"Región Metropolitana de Santiago,Chile",0.3467,2026-07-23,https://mercadolibre.eightfold.ai/careers/job/43118404
Asesores/Falabella  Viña del mar Mall /Media Jornada Tarde 30 hrs semanales,Falabella Retail,"Viña del Mar, Valparaíso, Chile",0.3457,2026-07-23,https://falabella.airavirtual.com/postula/ugauOjM3kiK3qiIyXMBW?logged_action=apply&register=true
Asesores / Falabella Viña del mar Mall Media/ Jornada Tarde 30hrs semanal,Falabella Retail,"Viña del Mar, Valparaíso, Chile",0.3455,2026-07-23,https://falabella.airavirtual.com/postula/95EouhSXqLrRtuEnaqhp?logged_action=apply&register=true
Gerente de Sucursal - Puerto Montt,abc,"Rancagua, Lib. Gral. Bdo. O'Higgins",0.3443,2026-07-23,https://abcdin.trabajando.cl/trabajo-empleo/gerente-de-sucursal-puerto-montt/trabajo/6104975
"Ejecutivo Venta Empresa, FT, Sodimac Chicureo",Sodimac,"Colina, Metropolitana, Chile",0.3443,2026-07-23,https://falabella.airavirtual.com/postula/pXyzEK7cV6hnOk0filuH?logged_action=apply&register=true
Asesores de Cliente/ Viña del mar Mall /Media Jornada Tarde 30 hrs semanales/,Falabella Retail,"Viña del Mar, Valparaíso, Chile",0.3422,2026-07-23,https://falabella.airavirtual.com/postula/3aC0n6V3dOFU1xgWroNt?logged_action=apply&register=true
Auditor(a) - Relator(a) de Calidad e Inocuidad Alimentaria (Terreno),SMU,"Santiago, Metropolitana de Santiago",0.3413,2026-07-23,https://smu.trabajando.cl/trabajo-empleo/auditor-a-relator-a-de-calidad-e-inocuidad-alimentaria-terreno/trabajo/6105019
Subgerente De Mantenimiento,Walmart Chile,Quilicura,0.3409,2026-07-23,https://postulawalmartchile.cl/vacante/detalle/4459349/external
Asesor/a de Cliente/ Media Jornada Tarde 30 hrs/ Falabella Plaza Norte,Falabella Retail,"Las Condes, Metropolitana, Chile",0.3356,2026-07-23,https://falabella.airavirtual.com/postula/Tvvru8CNob36B4HLXjZx?logged_action=apply&register=true
Asesor/a de Cliente / Part Time 20 Hrs. / Falabella La Calera,Falabella Retail,"Calera, Valparaíso, Chile",0.3342,2026-07-23,https://falabella.airavirtual.com/postula/UqwOrU3cAMpNzqebYDvc?logged_action=apply&register=true
Operador de Monitoreo - Talca,PF Alimentos,"Talca, Maule",0.3312,2026-07-23,https://pf.trabajando.cl/trabajo-empleo/operador-de-monitoreo-talca/trabajo/6105263
Operador de Caldera,Empresas Carozzi S.A.,"San Bernardo, Metropolitana de Santiago",0.3278,2026-07-23,https://carozzi.trabajando.cl/trabajo-empleo/operador-de-caldera/trabajo/6105113
Encargado/a de Línea (Arica),Coca-Cola Embonor,"Arica, Arica y Parinacota",0.3247,2026-07-23,https://embonor.trabajando.cl/trabajo-empleo/encargado-a-de-linea-arica/trabajo/6105327
Auxiliar de Farmacia 20hrs - Las Condes,Farmacias Ahumada S.A.,"Las Condes, Metropolitana de Santiago",0.3241,2026-07-23,https://ahumada.trabajando.cl/trabajo-empleo/auxiliar-de-farmacia-20hrs-las-condes/trabajo/6105356
71_Asesor/a de Cliente Electro MJT 30hrs. Falabella Rancagua,Falabella Retail,"Rancagua, Libertador B. O Higgins, Chile",0.3241,2026-07-23,https://falabella.airavirtual.com/postula/uGQYOWuRp6okGSjpkfYL?logged_action=apply&register=true
Asesor/a de Cliente / Jornada Full Time 42 hrs/ Falabella Castro,Falabella Retail,"Castro, Los Lagos, Chile",0.3231,2026-07-23,https://falabella.airavirtual.com/postula/PP7s18FUBLiLQdQdml5J?logged_action=apply&register=true
"Cosmetólogo/a, Jornada 42Hrs Rotativo/Falabella Parque Arauco.",Falabella Retail,"Santiago, Metropolitana, Chile",0.3227,2026-07-23,https://falabella.airavirtual.com/postula/hHp0dLl7R2gfbVuLxlHA?logged_action=apply&register=true
Enfermera de Promoción de Salud,Farmacias Ahumada S.A.,"Santiago, Metropolitana de Santiago",0.3216,2026-07-23,https://ahumada.trabajando.cl/trabajo-empleo/enfermera-de-promocion-de-salud/trabajo/6105198
Asesor/a de Cliente SAE /Jornada Full Time 42 Semanales/Falabella Castro,Falabella Retail,"Castro, Los Lagos, Chile",0.3209,2026-07-23,https://falabella.airavirtual.com/postula/ZA77MVYspGq5NxkbB1YG?logged_action=apply&register=true
Conserje de Planta Productiva Alimentos,Empresas Carozzi,"San Bernardo, Metropolitana de Santiago",0.3187,2026-07-23,https://carozzi.trabajando.cl/trabajo-empleo/conserje-de-planta-productiva-alimentos/trabajo/6105344
Guardia de Seguridad FT 42 horas 5x2 rotativo// Falabella Ovalle,Falabella Retail,"Ovalle, Coquimbo, Chile",0.3185,2026-07-23,https://falabella.airavirtual.com/postula/IOGR49crSrBCxERHdUZI?logged_action=apply&register=true
Analista Open Loyalty,Walmart Chile,Huechuraba,0.3167,2026-07-23,https://postulawalmartchile.cl/vacante/detalle/4459066/external
Asesor/a de Cliente/ Perfumería/ Jornada Full Time 42 hrs semanales/ Falabella Costanera,Falabella Retail,"Las Condes, Metropolitana, Chile",0.3139,2026-07-23,https://falabella.airavirtual.com/postula/WYoAJXd0ReWoamq1gOjZ?logged_action=apply&register=true
Administrativo de Tesorería Ripley Osorno,Ripley,Tda Osorno - TESORERIA,0.3109,2026-07-23,https://ripley.csod.com/ux/ats/careersite/4/home/requisition/22989?c=ripley
Asistente Servicio al Cliente Ripley Osorno,Ripley,Tda Osorno - PLATAFORMA DE S,0.3107,2026-07-23,https://ripley.csod.com/ux/ats/careersite/4/home/requisition/23249?c=ripley
Asesor/a de Cliente Especialista/ Marca Mango/ Jornada Part Time 20hrs Sábado y Domingo/ Falabella Osorno,Falabella Retail,"Osorno, Los Lagos, Chile",0.3069,2026-07-23,https://falabella.airavirtual.com/postula/8ctsBvYEAat2Hjw9R8uE?logged_action=apply&register=true
Auxiliar de Farmacia 30hrs - Las Condes,Farmacias Ahumada S.A.,"Las Condes, Metropolitana de Santiago",0.3063,2026-07-23,https://ahumada.trabajando.cl/trabajo-empleo/auxiliar-de-farmacia-30hrs-las-condes/trabajo/6105358
Asesor/a de Clientes/PT/JUVENIL HOMBRE/FALABELLA/PARQUEARAUCO,Falabella Retail,"Santiago, Metropolitana, Chile",0.3017,2026-07-23,https://falabella.airavirtual.com/postula/Vvyg0Am3jl03PsTVp1A5?logged_action=apply&register=true
Auxiliar de Mantención / Full Time 42 hrs 5X2 / Falabella La Serena,Falabella Retail,"La Serena, Coquimbo, Chile",0.2964,2026-07-23,https://falabella.airavirtual.com/postula/QIJ4UPCYh067wTYDjL8K?logged_action=apply&register=true
Asesor/a de Cliente/Jornada 42hrs/ Tienda PLAZA OESTE/ROTATIVO/CLICK,Falabella Retail,"Santiago, Metropolitana, Chile",0.292,2026-07-23,https://falabella.airavirtual.com/postula/EigrlbihCn9ILlBezySJ?logged_action=apply&register=true
Encargado de Retiro en Tienda Paris Iquique,cencosud,"Iquique, REGIÓN DE TARAPACÁ, CL",0.2883,2026-07-23,https://cencosud.csod.com/ux/ats/careersite/5/home/requisition/14639?c=cencosud
Guardia Nocturno Ripley Osorno,Ripley,Tda Osorno - SEGURIDAD,0.273,2026-07-23,https://ripley.csod.com/ux/ats/careersite/4/home/requisition/23265?c=ripley
Asesor/a de Cliente / Media Jornada Tarde 30 hrs. 5x2 / Falabella La Serena,Falabella Retail,"La Serena, Coquimbo, Chile",0.2633,2026-07-23,https://falabella.airavirtual.com/postula/o8REKfYD3TpghSy7ZLRF?logged_action=apply&register=true
Asesor/a de Cliente / Part Time 20 hrs. / Falabella La Serena,Falabella Retail,"La Serena, Coquimbo, Chile",0.2548,2026-07-23,https://falabella.airavirtual.com/postula/Dvz5hnTEze13fNKQSK4Y?logged_action=apply&register=true
Operador de Monitoreo CCTV Ripley Osorno,Ripley,Tda Osorno - SEGURIDAD,0.2504,2026-07-23,https://ripley.csod.com/ux/ats/careersite/4/home/requisition/23243?c=ripley
Guardia de Seguridad Ripley Osorno,Ripley,Tda Osorno - SEGURIDAD,0.2309,2026-07-23,https://ripley.csod.com/ux/ats/careersite/4/home/requisition/23202?c=ripley
Asistente de Visual Ripley Osorno,Ripley,Tda Osorno - VISUAL,0.2224,2026-07-23,https://ripley.csod.com/ux/ats/careersite/4/home/requisition/22986?c=ripley
Jefe de Ventas - Paris Viña del Mar,cencosud,"Viña Del Mar, REGIÓN DE VALPARAÍSO, CL",0.17,2026-07-23,https://cencosud.csod.com/ux/ats/careersite/5/home/requisition/14638?c=cencosud
Tech Lead,Falabella Retail,"Las Condes, Metropolitana, Chile",0.5011,2026-07-22,https://falabella.airavirtual.com/postula/5FTd5LuPljAsNo96A5Uk?logged_action=apply&register=true
Product Specialist,Falabella Retail,"Las Condes, Metropolitana, Chile",0.4621,2026-07-22,https://falabella.airavirtual.com/postula/wmd1fWBXgoF7UnnYMf1w?logged_action=apply&register=true
Security Architect Team Lead,Falabella Corporativo,"Santiago, Metropolitana, Chile",0.4485,2026-07-22,https://falabella.airavirtual.com/postula/1Y7hSJIyizRmxg3Y8WvY?logged_action=apply&register=true
Category Manager de E-commerce - Colina (Híbrido),Colchones Rosen SAIC,"Colina, Metropolitana de Santiago",0.4433,2026-07-22,https://rosen.trabajando.cl/trabajo-empleo/category-manager-de-e-commerce-colina-hibrido/trabajo/6104351
Sr Fullstack Software Engineer,Falabella Corporativo,"Santiago, Metropolitana, Chile",0.4292,2026-07-22,https://falabella.airavirtual.com/postula/KK47VMMng8e8mJh1lKIH?logged_action=apply&register=true
"Encargado Aseguramiento Calidad Full Time, Jumbo Linares",cencosud,"Talca, REGIÓN DEL MAULE, CL",0.4282,2026-07-22,https://cencosud.csod.com/ux/ats/careersite/5/home/requisition/14609?c=cencosud
Project Manager Revenue Management,Ripley,Ofi Cerro Colorado 5240 - Planificación Y,0.4205,2026-07-22,https://ripley.csod.com/ux/ats/careersite/4/home/requisition/15732?c=ripley
Certificador Full time / Centro de Distribución Pudahuel,IKEA,"Pudahuel, Metropolitana, Chile",0.4146,2026-07-22,https://falabella.airavirtual.com/postula/3E8mwayD1GsIYtLfl9eX?logged_action=apply&register=true
"Supervisor de Operaciones Turno Noche rotativo, Cerrillos",Falabella Retail,"San Bernardo, Metropolitana, Chile",0.414,2026-07-22,https://falabella.airavirtual.com/postula/aqMUngCu74hLtVNGMN4A?logged_action=apply&register=true
Líder De Productividad Y Planificación De Marcas,Walmart Chile,Quilicura,0.4137,2026-07-22,https://postulawalmartchile.cl/vacante/detalle/4458463/external
"Supervisor de Operaciones Turno Tarde rotativo, Cerillos",Falabella Retail,"San Bernardo, Metropolitana, Chile",0.4093,2026-07-22,https://falabella.airavirtual.com/postula/LbMbnn1ottoXamg8dbih?logged_action=apply&register=true
🚀 Seller Growth Analyst | Paris.cl,cencosud,"Santiago, REGION METROPOLITANA, CL",0.4082,2026-07-22,https://cencosud.csod.com/ux/ats/careersite/5/home/requisition/14627?c=cencosud
Data Engineer,Banco Falabella,"Santiago, Metropolitana, Chile",0.4053,2026-07-22,https://falabella.airavirtual.com/postula/Ay78vGX72R9lGUueu6jz?logged_action=apply&register=true
Merchant Ops - Global Strategy & Operations Manager,uber,"Santiago, Chile",0.4032,2026-07-22,https://www.uber.com/global/en/careers/list/302125/
Jefe de Turno - Renca (Tarde),PF Alimentos,"Renca, Metropolitana de Santiago",0.3948,2026-07-22,https://pf.trabajando.cl/trabajo-empleo/jefe-de-turno-renca-tarde/trabajo/6104495
Product Specialist,Falabella Retail,"Santiago, Metropolitana, Chile",0.3945,2026-07-22,https://falabella.airavirtual.com/postula/T0qk1vVzTK96hBHvv51B?logged_action=apply&register=true
Asistente a Clientes Part time- Parque Arauco,Casaideas,"Las Condes, Metropolitana de Santiago",0.385,2026-07-22,https://casaideas.trabajando.cl/trabajo-empleo/asistente-a-clientes-part-time-parque-arauco/trabajo/6104811
Operador de Perecibles Carnicería Jumbo Linares,cencosud,"Talca, REGIÓN DEL MAULE, CL",0.3804,2026-07-22,https://cencosud.csod.com/ux/ats/careersite/5/home/requisition/14617?c=cencosud
"Ejecutivo/a Integral, PT 20. Mall Independencia",Banco Falabella,"Santiago, Metropolitana, Chile",0.3801,2026-07-22,https://falabella.airavirtual.com/postula/iV296EBcg0FDvRZzV8yp?logged_action=apply&register=true
Planogramador(a) Junior,SMU,"Las Condes, Metropolitana de Santiago",0.3798,2026-07-22,https://smu.trabajando.cl/trabajo-empleo/planogramador-a-junior/trabajo/6104826
"Jefe/a de Ventas, Full Time, Falabella Arica",Falabella Retail,"Arica, Arica y Parinacota, Chile",0.3787,2026-07-22,https://falabella.airavirtual.com/postula/qJxSpYTUmkkBflXg8cxS?logged_action=apply&register=true
"Encargado Perecibles Full Time, Jumbo Linares",cencosud,"Talca, REGIÓN DEL MAULE, CL",0.3778,2026-07-22,https://cencosud.csod.com/ux/ats/careersite/5/home/requisition/14628?c=cencosud
Jefe de Recepción Retail-Calama,Alvi,"Calama, Antofagasta",0.3768,2026-07-22,https://smu.trabajando.cl/trabajo-empleo/jefe-de-recepcion-retail-calama/trabajo/6104342
Backend Software Engineer - Mercado Ads - IT,mercadolibre,"Santiago,Chile",0.3759,2026-07-22,https://mercadolibre.eightfold.ai/careers/job/43315791
"Vigilante Bancario, Full time 40 hrs 5x2/ Sucursal Colina",Banco Falabella,"Colina, Metropolitana, Chile",0.3742,2026-07-22,https://falabella.airavirtual.com/postula/I7fKqBF4GnjEqaN7adrB?logged_action=apply&register=true
"Controlador cajas Full Time, Jumbo Linares",cencosud,"Talca, REGIÓN DEL MAULE, CL",0.3735,2026-07-22,https://cencosud.csod.com/ux/ats/careersite/5/home/requisition/14615?c=cencosud
Asesor/a Bienestar Vitaminas y Suplementos Multifunción - Las Condes ,Salcobrand,"Las Condes, Metropolitana de Santiago",0.3645,2026-07-22,https://salcobrand.trabajando.cl/trabajo-empleo/asesor-a-bienestar-vitaminas-y-suplementos-multifuncion-las-condes/trabajo/6104378
"Controlador cajas Part Time, Jumbo Linares",cencosud,"Talca, REGIÓN DEL MAULE, CL",0.3626,2026-07-22,https://cencosud.csod.com/ux/ats/careersite/5/home/requisition/14613?c=cencosud
Analista de inventario de tienda,SMU,"Las Condes, Metropolitana de Santiago",0.3619,2026-07-22,https://smu.trabajando.cl/trabajo-empleo/analista-de-inventario-de-tienda/trabajo/6104330
Bodeguero de Tienda - La Dehesa,Colchones Rosen SAIC,"Lo Barnechea, Metropolitana de Santiago",0.3597,2026-07-22,https://rosen.trabajando.cl/trabajo-empleo/bodeguero-de-tienda-la-dehesa/trabajo/6104381
Asesor/a Bienestar Vitaminas y Suplementos Multifunción - Antofagasta Full Time ,Salcobrand,"Antofagasta, Antofagasta",0.3574,2026-07-22,https://salcobrand.trabajando.cl/trabajo-empleo/asesor-a-bienestar-vitaminas-y-suplementos-multifuncion-antofagasta-full-time/trabajo/6104376
Team Leader para Fuerza de Venta Directa - Fintech,mercadolibre,"Región Metropolitana de Santiago,Chile",0.3565,2026-07-22,https://mercadolibre.eightfold.ai/careers/job/41278781
Analista Administrativo de Devoluciones y Control Documental,Tottus,"Santiago, Metropolitana, Chile",0.3534,2026-07-22,https://falabella.airavirtual.com/postula/iKuiOQYGcJFc6nI5ge5Q?logged_action=apply&register=true
Químico Farmacéutico - Talca,Farmacias Ahumada S.A.,"Coquimbo, Coquimbo",0.352,2026-07-22,https://ahumada.trabajando.cl/trabajo-empleo/quimico-farmaceutico-talca/trabajo/6104375
Coordinador Visual Merchandising - Futrono,abc,"Futrono, Los Ríos",0.3439,2026-07-22,https://abcdin.trabajando.cl/trabajo-empleo/coordinador-visual-merchandising-futrono/trabajo/6104834
Ejecutivo de Venta Producto Finan PT 18,Ripley,Tda Plaza Egaña (Gesic) - Nuevos Clientes,0.3437,2026-07-22,https://ripley.csod.com/ux/ats/careersite/4/home/requisition/22969?c=ripley
Monitor Prevención de Riesgo - Planta Lontue,Empresas Carozzi,"Curicó, Maule",0.3405,2026-07-22,https://carozzi.trabajando.cl/trabajo-empleo/monitor-prevencion-de-riesgo-planta-lontue/trabajo/6104693
Operario de Aseo Part Time (30 Horas) Patio Outlet Peñuelas,Colchones Rosen SAIC,"La Serena, Coquimbo",0.3399,2026-07-22,https://rosen.trabajando.cl/trabajo-empleo/operario-de-aseo-part-time-30-horas-patio-outlet-penuelas/trabajo/6104262
Asesor/a de Cliente/Departamento Electro/ Part Time Viernes y Sábado / Falabella San Felipe,Falabella Retail,"San Felipe, Valparaíso, Chile",0.3396,2026-07-22,https://falabella.airavirtual.com/postula/9sf0VNLdLaVGhm2boAGw?logged_action=apply&register=true
Operativo Implementaciones Comerciales Sodimac La Serena42hr,Sodimac,"La Serena, Coquimbo, Chile",0.3388,2026-07-22,https://falabella.airavirtual.com/postula/0kcAAB8B06tcRPCtBrrf?logged_action=apply&register=true
Ejecutivo de Venta Producto Financiero(R),Ripley,Tda Plaza Tobalaba (Gesic) - Nuevos Clientes,0.338,2026-07-22,https://ripley.csod.com/ux/ats/careersite/4/home/requisition/23044?c=ripley
Monitor de Prevención de Riesgos Junior,Empresas Carozzi S.A.,"San Bernardo, Metropolitana de Santiago",0.3375,2026-07-22,https://carozzi.trabajando.cl/trabajo-empleo/monitor-de-prevencion-de-riesgos-junior/trabajo/6104299
"Makeup Artist Beauty F, jornada PT 20 Hrs. Falabella Viña Mall.",Falabella Retail,"Viña del Mar, Valparaíso, Chile",0.337,2026-07-22,https://falabella.airavirtual.com/postula/0uDqbTynSLKEccW8g1tB?logged_action=apply&register=true
"Ejecutivo/a de Venta Empresas, FT, Sodimac Chillán",Sodimac,"Chillán, Ñuble, Chile",0.3367,2026-07-22,https://falabella.airavirtual.com/postula/iOJHxsSnXbwH2zOqoRiq?logged_action=apply&register=true
Jefe de Tienda - Puerto Montt,abc,"Puerto Montt, Los Lagos",0.3353,2026-07-22,https://abcdin.trabajando.cl/trabajo-empleo/jefe-de-tienda-puerto-montt/trabajo/6104825
 Analista Inteligencia Comercial - San Bernardo,Empresas Carozzi S.A.,"San Bernardo, Metropolitana de Santiago",0.3347,2026-07-22,https://carozzi.trabajando.cl/trabajo-empleo/analista-inteligencia-comercial-san-bernardo/trabajo/6104402
Jefe de Tienda - Lanco,abc,"Lanco, Los Ríos",0.3337,2026-07-22,https://abcdin.trabajando.cl/trabajo-empleo/jefe-de-tienda-lanco/trabajo/6104816
Jefe de Venta Part Time 18h - Futrono,abc,"Futrono, Los Ríos",0.3329,2026-07-22,https://abcdin.trabajando.cl/trabajo-empleo/jefe-de-venta-part-time-18h-futrono/trabajo/6104846
"Makeup Artist Beauty F, FT 42 hrs , Falabella Costanera Center.",Falabella Retail,"Providencia, Metropolitana, Chile",0.3316,2026-07-22,https://falabella.airavirtual.com/postula/ejYssGq7MFVothNISJ88?logged_action=apply&register=true
Administrativo de Expedición,Empresas Carozzi S.A.,"San Bernardo, Metropolitana de Santiago",0.3289,2026-07-22,https://carozzi.trabajando.cl/trabajo-empleo/administrativo-de-expedicion/trabajo/6104775
Ejecutivo de Venta Producto Finan PT 18,Ripley,Tda Plaza Egaña (Gesic) - Nuevos Clientes,0.3279,2026-07-22,https://ripley.csod.com/ux/ats/careersite/4/home/requisition/22961?c=ripley
Anfitrion(a) Rr.Cc. Pt 18,Ripley,Tda Plaza Egaña (Gesic) - Nuevos Clientes,0.3268,2026-07-22,https://ripley.csod.com/ux/ats/careersite/4/home/requisition/22964?c=ripley
Auxiliar de Farmacia 20hrs - La Reina,Farmacias Ahumada S.A.,"La Reina, Metropolitana de Santiago",0.3268,2026-07-22,https://ahumada.trabajando.cl/trabajo-empleo/auxiliar-de-farmacia-20hrs-la-reina/trabajo/6104691
Consultor/a de Belleza Full Time - Santiago Centro,Preunic,"Santiago, Metropolitana de Santiago",0.3249,2026-07-22,https://salcobrand.trabajando.cl/trabajo-empleo/consultor-a-de-belleza-full-time-santiago-centro/trabajo/6104447
"Recepcionista Full Time, Jumbo Linares",cencosud,"Talca, REGIÓN DEL MAULE, CL",0.3247,2026-07-22,https://cencosud.csod.com/ux/ats/careersite/5/home/requisition/14631?c=cencosud
"Operadores(as) Sala Ventas - Full time, Part Time 30 y 20 Hrs - Apertura ALVI Calama",Alvi,"Calama, Antofagasta",0.3223,2026-07-22,https://smu.trabajando.cl/trabajo-empleo/operadores-as-sala-ventas-full-time-part-time-30-y-20-hrs-apertura-alvi-calama/trabajo/6103895
Asesor/a de Cliente// Part time sáb y dom 20 hrs semanales// Tienda Americanino Iquique,Falabella Retail,"Iquique, Tarapacá, Chile",0.3212,2026-07-22,https://falabella.airavirtual.com/postula/WhY6h6rxUX9kafxxSA1X?logged_action=apply&register=true
Asesor/a de Cliente// Media jornada tarde 30 hrs 5x2 rotativo// Tienda Americanino Iquique,Falabella Retail,"Iquique, Tarapacá, Chile",0.319,2026-07-22,https://falabella.airavirtual.com/postula/Pm8e0HfsE22l4GygUVlm?logged_action=apply&register=true
"Encargado Non Food Full Time, Jumbo Linares",cencosud,"Talca, REGIÓN DEL MAULE, CL",0.3164,2026-07-22,https://cencosud.csod.com/ux/ats/careersite/5/home/requisition/14629?c=cencosud
Auditor de Inventarios - Osorno,Soprole,"Osorno, Los Lagos",0.3142,2026-07-22,https://soprole.trabajando.cl/trabajo-empleo/auditor-de-inventarios-osorno/trabajo/6104779
Maestro Pastelera - Jumbo Linares,cencosud,"Talca, REGIÓN DEL MAULE, CL",0.3141,2026-07-22,https://cencosud.csod.com/ux/ats/careersite/5/home/requisition/14618?c=cencosud
"Ejecutivo/a Banca Telefónica, PT 36 Hrs, Banca Telefónica",Banco Falabella,"Santiago, Metropolitana, Chile",0.3139,2026-07-22,https://falabella.airavirtual.com/postula/VK6XrU8U4WUYcqqubEGZ?logged_action=apply&register=true
"Encargado de Inventarios Full Time, Jumbo Linares",cencosud,"Talca, REGIÓN DEL MAULE, CL",0.3117,2026-07-22,https://cencosud.csod.com/ux/ats/careersite/5/home/requisition/14607?c=cencosud
Auxiliar de cocina - Part Time - Rincón Jumbo Costanera,cencosud,"Santiago, REGIÓN METROPOLITANA, CL",0.3104,2026-07-22,https://cencosud.csod.com/ux/ats/careersite/5/home/requisition/14600?c=cencosud
Senior Information Security Risk Specialist,Falabella Corporativo,"Santiago, Metropolitana, Chile",0.305,2026-07-22,https://falabella.airavirtual.com/postula/AtBp6Xfn2IyqVj6AIsys?logged_action=apply&register=true
Asesor/a de Cliente/ Departamento Electro  Media Jornada 30 hrs Semanales /Falabella San Felipe,Falabella Retail,"San Felipe, Valparaíso, Chile",0.3016,2026-07-22,https://falabella.airavirtual.com/postula/9Hcy7hJ7QpYaeDvN0FX7?logged_action=apply&register=true
Reponedor Part Time NonFood - Jumbo Linares,cencosud,"Talca, REGIÓN DEL MAULE, CL",0.3008,2026-07-22,https://cencosud.csod.com/ux/ats/careersite/5/home/requisition/14604?c=cencosud
Operativo/a Tienda Sodimac Ñuble Jornada 42 horas,Sodimac,"Ñuñoa, Metropolitana, Chile",0.3004,2026-07-22,https://falabella.airavirtual.com/postula/O90RgZYmkX6CYCx0ZDbE?logged_action=apply&register=true
"Jefe de pescadería Full Time, Jumbo Linares",cencosud,"Talca, REGIÓN DEL MAULE, CL",0.3004,2026-07-22,https://cencosud.csod.com/ux/ats/careersite/5/home/requisition/14634?c=cencosud
Operarios(as) perecibles Part time 30 Hrs- S10 Camilo Henríquez (Puente Alto),Super 10,"Puente Alto, Metropolitana de Santiago",0.2989,2026-07-22,https://smu.trabajando.cl/trabajo-empleo/operarios-as-perecibles-part-time-30-hrs-s10-camilo-henriquez-puente-alto/trabajo/6104645
Operativo/a Tienda Sodimac Ñuble Jornada 25 horas,Sodimac,"Ñuñoa, Metropolitana, Chile",0.298,2026-07-22,https://falabella.airavirtual.com/postula/SariCc6fbWAqQwNIzONT?logged_action=apply&register=true
Ejecutivo Back Office Control Interno y Seguridad – Centro de Distribución Noviciado,cencosud,"Santiago, REGIÓN METROPOLITANA, CL",0.2964,2026-07-22,https://cencosud.csod.com/ux/ats/careersite/5/home/requisition/14614?c=cencosud
"Asistente control interno Part Time, Jumbo Linares",cencosud,"Talca, REGIÓN DEL MAULE, CL",0.2963,2026-07-22,https://cencosud.csod.com/ux/ats/careersite/5/home/requisition/14632?c=cencosud
Reponedor Full Time NonFood - Jumbo Linares,cencosud,"Talca, REGIÓN DEL MAULE, CL",0.2948,2026-07-22,https://cencosud.csod.com/ux/ats/careersite/5/home/requisition/14605?c=cencosud
"Asistente control interno Full Time, Jumbo Linares",cencosud,"Talca, REGIÓN DEL MAULE, CL",0.2939,2026-07-22,https://cencosud.csod.com/ux/ats/careersite/5/home/requisition/14633?c=cencosud
Operativo/a Tienda Puerto Montt Los Alerces Jornada PT25hrs,Sodimac,"Puerto Montt, Los Lagos, Chile",0.2894,2026-07-22,https://falabella.airavirtual.com/postula/Gu1ju5fg8qVXwWGywKMy?logged_action=apply&register=true
Asesor/a de Cliente // Tienda Nueva La Martina Iquique,Falabella Retail,"Iquique, Tarapacá, Chile",0.2893,2026-07-22,https://falabella.airavirtual.com/postula/c7KcHZBMu78KbsmTvCi2?logged_action=apply&register=true
"Operador de despachos Part Time, Jumbo Linares",cencosud,"Talca, REGIÓN DEL MAULE, CL",0.2829,2026-07-22,https://cencosud.csod.com/ux/ats/careersite/5/home/requisition/14610?c=cencosud
"Operador de despachos Full Time, Jumbo Linares",cencosud,"Talca, REGIÓN DEL MAULE, CL",0.2777,2026-07-22,https://cencosud.csod.com/ux/ats/careersite/5/home/requisition/14611?c=cencosud
Bodeguero de Tienda Ripley Osorno,Ripley,Tda Osorno - BODEGA,0.2699,2026-07-22,https://ripley.csod.com/ux/ats/careersite/4/home/requisition/23000?c=ripley
Auxiliar de Cocina Platos Preparados Part Time- Jumbo Linares,cencosud,"Talca, REGIÓN DEL MAULE, CL",0.2695,2026-07-22,https://cencosud.csod.com/ux/ats/careersite/5/home/requisition/14597?c=cencosud
Auxiliar de Cocina Platos Preparados Full Time - Jumbo Linares,cencosud,"Talca, REGIÓN DEL MAULE, CL",0.2694,2026-07-22,https://cencosud.csod.com/ux/ats/careersite/5/home/requisition/14598?c=cencosud
"Pastelero Part Time, Jumbo Linares",cencosud,"Talca, REGIÓN DEL MAULE, CL",0.2661,2026-07-22,https://cencosud.csod.com/ux/ats/careersite/5/home/requisition/14625?c=cencosud
"Encargado de Botillería Full Time, Jumbo Linares",cencosud,"Talca, REGIÓN DEL MAULE, CL",0.263,2026-07-22,https://cencosud.csod.com/ux/ats/careersite/5/home/requisition/14623?c=cencosud
SRE Senior,Ripley,Ofi. Alonso De Cordova 5320 - Tecnología,0.2604,2026-07-22,https://ripley.csod.com/ux/ats/careersite/4/home/requisition/22308?c=ripley
"Encargado Seccion Botillería Part Time, Jumbo Linares",cencosud,"Talca, REGIÓN DEL MAULE, CL",0.2585,2026-07-22,https://cencosud.csod.com/ux/ats/careersite/5/home/requisition/14622?c=cencosud
"Pastelero Full Time, Jumbo Linares",cencosud,"Talca, REGIÓN DEL MAULE, CL",0.2583,2026-07-22,https://cencosud.csod.com/ux/ats/careersite/5/home/requisition/14626?c=cencosud
Operador/a de Informaciones - Jumbo Linares,cencosud,"Linares, MAULE, CL",0.2551,2026-07-22,https://cencosud.csod.com/ux/ats/careersite/5/home/requisition/14620?c=cencosud
Carnicero Part Time- Jumbo Linares,cencosud,"Talca, REGIÓN DEL MAULE, CL",0.2491,2026-07-22,https://cencosud.csod.com/ux/ats/careersite/5/home/requisition/14616?c=cencosud
Jefe Comercial PT,Ripley,Tda Nueva Valdivia - Gerencia,0.249,2026-07-22,https://ripley.csod.com/ux/ats/careersite/4/home/requisition/23155?c=ripley
Carnicero Full Time- Jumbo Linares,cencosud,"Talca, REGIÓN DEL MAULE, CL",0.2438,2026-07-22,https://cencosud.csod.com/ux/ats/careersite/5/home/requisition/14621?c=cencosud
"Maestro Fileteador, Jumbo Linares",cencosud,"Talca, REGIÓN DEL MAULE, CL",0.2438,2026-07-22,https://cencosud.csod.com/ux/ats/careersite/5/home/requisition/14630?c=cencosud
Jefe Comercial PT(R),Ripley,Tda Nueva Valdivia - Gerencia,0.241,2026-07-22,https://ripley.csod.com/ux/ats/careersite/4/home/requisition/21667?c=ripley
Auxiliar de Cocina - Part Time (Turno Noche) - Rincón Jumbo Costanera,cencosud,"Santiago, REGIÓN METROPOLITANA, CL",0.1927,2026-07-22,https://cencosud.csod.com/ux/ats/careersite/5/home/requisition/14601?c=cencosud
Category Planner (Reemplazo pre y post natal),Preunic,"Santiago, Metropolitana de Santiago",0.511,2026-07-21,https://salcobrand.trabajando.cl/trabajo-empleo/category-planner-reemplazo-pre-y-post-natal/trabajo/6103694
Sales Training Specialist,uber,"Santiago, Chile",0.4579,2026-07-21,https://www.uber.com/global/en/careers/list/160029/
Operadores/as Centro automatizado de pedidos Unimarc.cl - Los Trapenses (Lo Barnechea),Unimarc,"Lo Barnechea, Metropolitana de Santiago",0.4261,2026-07-21,https://smu.trabajando.cl/trabajo-empleo/operadores-as-centro-automatizado-de-pedidos-unimarc-cl-los-trapenses-lo-barnechea/trabajo/6103764
Administrador de Catálogo Web - Colina (Híbrido),Colchones Rosen SAIC,"Colina, Metropolitana de Santiago",0.4232,2026-07-21,https://rosen.trabajando.cl/trabajo-empleo/administrador-de-catalogo-web-colina-hibrido/trabajo/6103969
Coordinador Visual Merchandising - Reemplazo pre y post natal,abc,"Cañete, Biobío",0.4176,2026-07-21,https://abcdin.trabajando.cl/trabajo-empleo/coordinador-visual-merchandising-reemplazo-pre-y-post-natal/trabajo/6103871
Analista Desarrollo Operaciones,Falabella Retail,"Las Condes, Metropolitana, Chile",0.4147,2026-07-21,https://falabella.airavirtual.com/postula/2nFuEy4F2X5x1ovYlcLz?logged_action=apply&register=true
"Encargado/a de Sección jornada y tienda, Tottus MP Los Dominicos",Tottus,"Las Condes, Metropolitana, Chile",0.4104,2026-07-21,https://falabella.airavirtual.com/postula/YMZYsdtU46rRagrqfnou?logged_action=apply&register=true
Analista contable SR - Fintech,mercadolibre,"Región Metropolitana de Santiago,Chile",0.4075,2026-07-21,https://mercadolibre.eightfold.ai/careers/job/43299453
Campaign Analyst CRM,Banco Falabella,"Las Condes, Metropolitana, Chile",0.4066,2026-07-21,https://falabella.airavirtual.com/postula/FKIUrOecAnYUadP3jsZW?logged_action=apply&register=true
Jefe/a de Sala Retail - Rancagua,SMU,"Rancagua, Lib. Gral. Bdo. O'Higgins",0.4053,2026-07-21,https://smu.trabajando.cl/trabajo-empleo/jefe-a-de-sala-retail-rancagua/trabajo/6103691
Analista de Administración,Banco Falabella,"Las Condes, Metropolitana, Chile",0.4013,2026-07-21,https://falabella.airavirtual.com/postula/a8evbNITWJQjcpMRorVK?logged_action=apply&register=true
Analista Financiero,Falabella Corporativo,"Las Condes, Metropolitana, Chile",0.4005,2026-07-21,https://falabella.airavirtual.com/postula/KztWawIJtEZ3YwbbwdCV?logged_action=apply&register=true
Operador/a CCTV - Las Condes,Empresas SB,"San Bernardo, Metropolitana de Santiago",0.3939,2026-07-21,https://salcobrand.trabajando.cl/trabajo-empleo/operador-a-cctv-las-condes/trabajo/6103964
Project Manager Digital,Walmart Chile,Quilicura,0.3924,2026-07-21,https://postulawalmartchile.cl/vacante/detalle/4456915/external
Operarios(as) Full time y Part time 20 - Próxima apertura Unimarc La Ligua,Unimarc,"La Ligua, Valparaíso",0.3816,2026-07-21,https://smu.trabajando.cl/trabajo-empleo/operarios-as-full-time-y-part-time-20-proxima-apertura-unimarc-la-ligua/trabajo/6103751
Analista Click and Collect,Falabella.com,"Las Condes, Metropolitana, Chile",0.3798,2026-07-21,https://falabella.airavirtual.com/postula/P8HDF1USil7HJd0jdTcx?logged_action=apply&register=true
Asistente Administrativo Seguros Generales,Seguros Falabella,"Santiago, Metropolitana, Chile",0.3733,2026-07-21,https://falabella.airavirtual.com/postula/QyJDYxj7Di6O4yG6Ku41?logged_action=apply&register=true
"Supervisor/a de Valores , PT 20 hrs, Tottus Peñaflor",Tottus,"Santiago, Metropolitana, Chile",0.3731,2026-07-21,https://falabella.airavirtual.com/postula/Uf6Yy39dP2QHUNG1Y7Q0?logged_action=apply&register=true
Bodeguero/a Full Time - Preunic Las Condes,Preunic,"Las Condes, Metropolitana de Santiago",0.3724,2026-07-21,https://salcobrand.trabajando.cl/trabajo-empleo/bodeguero-a-full-time-preunic-las-condes/trabajo/6103793
Químico Farmacéutico - La Calera,Farmacias Ahumada S.A.,"Calera, Valparaíso",0.3659,2026-07-21,https://ahumada.trabajando.cl/trabajo-empleo/quimico-farmaceutico-la-calera/trabajo/6103810
Químico Farmacéutico - Chimbarongo,Farmacias Ahumada S.A.,"Chimbarongo, Lib. Gral. Bdo. O'Higgins",0.3632,2026-07-21,https://ahumada.trabajando.cl/trabajo-empleo/quimico-farmaceutico-chimbarongo/trabajo/6103752
Jefe/a de Sala ventas Retail-Calama,SMU,"Calama, Antofagasta",0.3619,2026-07-21,https://smu.trabajando.cl/trabajo-empleo/jefe-a-de-sala-ventas-retail-calama/trabajo/6096289
Ejecutivos de Compra - Hombre,Ripley,Ofi Cerro Colorado 5240 - Comercial,0.3613,2026-07-21,https://ripley.csod.com/ux/ats/careersite/4/home/requisition/20727?c=ripley
"Ejecutivo/a Integral, 40 HRS, BF TALAGANTE",Banco Falabella,"Santiago, Metropolitana, Chile",0.3604,2026-07-21,https://falabella.airavirtual.com/postula/VXVJFI4xejAEGiSvdDpP?logged_action=apply&register=true
Reemplazo de Ingeniero Datos Cobranza,Ripley,Ofi. Estado 91 - Producto Financiero,0.3584,2026-07-21,https://ripley.csod.com/ux/ats/careersite/4/home/requisition/22719?c=ripley
Asist. Servicio al Cliente y Ventas Sodimac HC Maipú PT25,Sodimac,"Maipú, Metropolitana, Chile",0.3557,2026-07-21,https://falabella.airavirtual.com/postula/zzOwkzeig9m4n5QXvlID?logged_action=apply&register=true
Consultor/a de Belleza Full Time - Preunic Mall Arauco Maipú,Preunic,"Maipú, Metropolitana de Santiago",0.3521,2026-07-21,https://salcobrand.trabajando.cl/trabajo-empleo/consultor-a-de-belleza-full-time-preunic-mall-arauco-maipu/trabajo/6103797
Servicio de Personas RRHH- Calama Proxima Apertura,Alvi,"Calama, Antofagasta",0.3507,2026-07-21,https://smu.trabajando.cl/trabajo-empleo/servicio-de-personas-rrhh-calama-proxima-apertura/trabajo/6104069
Químico Farmacéutico - Punta Arenas,Farmacias Ahumada S.A.,"Punta Arenas, Magallanes y Antártica Chilena",0.3504,2026-07-21,https://ahumada.trabajando.cl/trabajo-empleo/quimico-farmaceutico-punta-arenas/trabajo/6103767
"Jefe/a Prevención de Perdidas, Full Time, Antofagasta Norte",Tottus,"Antofagasta, Antofagasta, Chile",0.3467,2026-07-21,https://falabella.airavirtual.com/postula/6xcaG5kXIIlqwSM7c7nM?logged_action=apply&register=true
"Jefe/a de Ventas, Full Time, Falabella Costanera",Falabella Retail,"Santiago, Metropolitana, Chile",0.3451,2026-07-21,https://falabella.airavirtual.com/postula/rCEgVNUIqB1vUSg7fXVs?logged_action=apply&register=true
Especialista de Payroll y Administración,mercadolibre,"Región Metropolitana de Santiago,Chile",0.344,2026-07-21,https://mercadolibre.eightfold.ai/careers/job/43293772
Recepcionista Full Time - Jumbo Linares,cencosud,"Talca, REGIÓN DEL MAULE, CL",0.3428,2026-07-21,https://cencosud.csod.com/ux/ats/careersite/5/home/requisition/14583?c=cencosud
Químico Farmacéutico - Viña del Mar,Farmacias Ahumada S.A.,"Viña del Mar, Valparaíso",0.3412,2026-07-21,https://ahumada.trabajando.cl/trabajo-empleo/quimico-farmaceutico-vina-del-mar/trabajo/6103756
Project Manager Instore,Walmart Chile,Huechuraba,0.3411,2026-07-21,https://postulawalmartchile.cl/vacante/detalle/4456903/external
Mecánico - Planta Lontue,Empresas Carozzi,"Curicó, Maule",0.3405,2026-07-21,https://carozzi.trabajando.cl/trabajo-empleo/mecanico-planta-lontue/trabajo/6103836
Operador Monitoreo - RENCA,PF Alimentos,"Renca, Metropolitana de Santiago",0.3385,2026-07-21,https://pf.trabajando.cl/trabajo-empleo/operador-monitoreo-renca/trabajo/6103705
"Mecánico, San Bernardo",Watts S.A.,"San Bernardo, Metropolitana de Santiago",0.3364,2026-07-21,https://watts.trabajando.cl/trabajo-empleo/mecanico-san-bernardo/trabajo/6103824
Químico Farmacéutico - Coquimbo,Farmacias Ahumada S.A.,"Coquimbo, Coquimbo",0.3348,2026-07-21,https://ahumada.trabajando.cl/trabajo-empleo/quimico-farmaceutico-coquimbo/trabajo/6103814
Recepcionista Part Time - Jumbo Linares - copy,cencosud,"Talca, REGIÓN DEL MAULE, CL",0.3341,2026-07-21,https://cencosud.csod.com/ux/ats/careersite/5/home/requisition/14585?c=cencosud
Auditor Interno Senior,Soprole,"Santiago, Metropolitana de Santiago",0.3303,2026-07-21,https://soprole.trabajando.cl/trabajo-empleo/auditor-interno-senior/trabajo/6104082
Analista Desarrollo Inmobiliario,Sodimac,"Santiago, Metropolitana, Chile",0.324,2026-07-21,https://falabella.airavirtual.com/postula/Cjs0y1cwydv0dm9gnrRK?logged_action=apply&register=true
Asistente Administrativo - Jumbo Linares,cencosud,"Talca, REGIÓN DEL MAULE, CL",0.3199,2026-07-21,https://cencosud.csod.com/ux/ats/careersite/5/home/requisition/14552?c=cencosud
Jefe de Sección- Jumbo,cencosud,"Talca, REGIÓN DEL MAULE, CL",0.3165,2026-07-21,https://cencosud.csod.com/ux/ats/careersite/5/home/requisition/14569?c=cencosud
Reponedor Perecibles Part Time - Jumbo Linares,cencosud,"Talca, REGIÓN DEL MAULE, CL",0.3109,2026-07-21,https://cencosud.csod.com/ux/ats/careersite/5/home/requisition/14575?c=cencosud
Auxiliar de Cocina Jumbo Linares,cencosud,CL,0.3081,2026-07-21,https://cencosud.csod.com/ux/ats/careersite/5/home/requisition/14594?c=cencosud
Reponedor Perecibles Full Time - Jumbo Linares,cencosud,"Talca, REGIÓN DEL MAULE, CL",0.3054,2026-07-21,https://cencosud.csod.com/ux/ats/careersite/5/home/requisition/14573?c=cencosud
🚀 Jefe de Operaciones | CD Paris,cencosud,CL,0.3034,2026-07-21,https://cencosud.csod.com/ux/ats/careersite/5/home/requisition/14586?c=cencosud
Coordinador/a Sostenibilidad,Falabella Retail,"Las Condes, Metropolitana, Chile",0.2996,2026-07-21,https://falabella.airavirtual.com/postula/3A8IDf7sUm4ux9blWjut?logged_action=apply&register=true
Encargado de Flejes Full Time - Jumbo Linares,cencosud,"Talca, REGIÓN DEL MAULE, CL",0.2961,2026-07-21,https://cencosud.csod.com/ux/ats/careersite/5/home/requisition/14576?c=cencosud
Maestro Panadero - Jumbo Linares,cencosud,"Talca, REGIÓN DEL MAULE, CL",0.2934,2026-07-21,https://cencosud.csod.com/ux/ats/careersite/5/home/requisition/14558?c=cencosud
Operador de Valores Jumbo Linares,cencosud,"Talca, REGIÓN DEL MAULE, CL",0.2897,2026-07-21,https://cencosud.csod.com/ux/ats/careersite/5/home/requisition/14580?c=cencosud
Operador Grua Horquilla - Jumbo Linares,cencosud,"Linares, MAULE, CL",0.2843,2026-07-21,https://cencosud.csod.com/ux/ats/careersite/5/home/requisition/14593?c=cencosud
Subgerente Centro Integral de Servicios,Ripley,Tda Estacion Central (Gesic) - Sucursales,0.2833,2026-07-21,https://ripley.csod.com/ux/ats/careersite/4/home/requisition/21954?c=ripley
Asesor/a de Cliente SAE Americanino Jornada Part Time 20hrs Sábado y Domingo/ Falabella Osorno,Falabella Retail,"Osorno, Los Lagos, Chile",0.2757,2026-07-21,https://falabella.airavirtual.com/postula/MwndFqXQrEBfUG2CcK2R?logged_action=apply&register=true
Maestro de Cocina PT- Jumbo Linares,cencosud,"Linares, MAULE, CL",0.2709,2026-07-21,https://cencosud.csod.com/ux/ats/careersite/5/home/requisition/14568?c=cencosud
Maestro Carnicero - Jumbo Linares,cencosud,"Linares, MAULE, CL",0.2654,2026-07-21,https://cencosud.csod.com/ux/ats/careersite/5/home/requisition/14562?c=cencosud
Maestro de Cocina - Jumbo Linares,cencosud,"Linares, MAULE, CL",0.265,2026-07-21,https://cencosud.csod.com/ux/ats/careersite/5/home/requisition/14567?c=cencosud
Anfitrión Self Checkout Part Time - Jumbo Linares,cencosud,"Talca, REGIÓN DEL MAULE, CL",0.2546,2026-07-21,https://cencosud.csod.com/ux/ats/careersite/5/home/requisition/14592?c=cencosud
Anfitrión Self Checkout Full Time- Jumbo Linares,cencosud,"Talca, REGIÓN DEL MAULE, CL",0.2484,2026-07-21,https://cencosud.csod.com/ux/ats/careersite/5/home/requisition/14595?c=cencosud
Panadero Full Time - Jumbo Linares,cencosud,"Linares, MAULE, CL",0.2369,2026-07-21,https://cencosud.csod.com/ux/ats/careersite/5/home/requisition/14570?c=cencosud
Reponedor - Jumbo Apoquindo,cencosud,"Linares, MAULE, CL",0.2363,2026-07-21,https://cencosud.csod.com/ux/ats/careersite/5/home/requisition/14557?c=cencosud
Encargado de Local - Don Salva - Los Valles,cencosud,CL,0.2288,2026-07-21,https://cencosud.csod.com/ux/ats/careersite/5/home/requisition/14543?c=cencosud
Auxiliar de Cocina Part Time - Jumbo Linares,cencosud,"Talca, REGIÓN DEL MAULE, CL",0.2251,2026-07-21,https://cencosud.csod.com/ux/ats/careersite/5/home/requisition/14551?c=cencosud
Auxiliar de Cocina Full Time - Jumbo Linares,cencosud,"Talca, REGIÓN DEL MAULE, CL",0.2219,2026-07-21,https://cencosud.csod.com/ux/ats/careersite/5/home/requisition/14555?c=cencosud
Encargado de Reloj Control Jumbo Linares,cencosud,"Talca, REGIÓN DEL MAULE, CL",0.2005,2026-07-21,https://cencosud.csod.com/ux/ats/careersite/5/home/requisition/14591?c=cencosud
Planner Retail Media,Salcobrand,"Providencia, Metropolitana de Santiago",0.509,2026-07-20,https://salcobrand.trabajando.cl/trabajo-empleo/planner-retail-media/trabajo/6103405
"Líder Asistencia Ventas y Suministros, IKEA Parque Arauco",IKEA,"Las Condes, Metropolitana, Chile",0.4756,2026-07-20,https://falabella.airavirtual.com/postula/Jb4WvlNmCPOXuIIZ6Foi?logged_action=apply&register=true
Administrador de Catálogos Digitales,Salcobrand,"Providencia, Metropolitana de Santiago",0.4574,2026-07-20,https://salcobrand.trabajando.cl/trabajo-empleo/administrador-de-catalogos-digitales/trabajo/6103131
Vendor Manager Inventory (VMI),Salcobrand,"Santiago, Metropolitana de Santiago",0.4556,2026-07-20,https://salcobrand.trabajando.cl/trabajo-empleo/vendor-manager-inventory-vmi/trabajo/6103134
Category Manager Marcas Propias,Tottus,"Santiago, Metropolitana, Chile",0.4362,2026-07-20,https://falabella.airavirtual.com/postula/Y34oqDqj6TxJ4juJoJUl?logged_action=apply&register=true
Business Analyst - Digital Factory,cencosud,"Santiago, REGION METROPOLITANA, CL",0.4355,2026-07-20,https://cencosud.csod.com/ux/ats/careersite/5/home/requisition/14531?c=cencosud
Head Comercial Retail Media,Salcobrand,"Providencia, Metropolitana de Santiago",0.4306,2026-07-20,https://salcobrand.trabajando.cl/trabajo-empleo/head-comercial-retail-media/trabajo/6103127
Product Manager de Alianzas y Convenios,Pharma Benefits,"Providencia, Metropolitana de Santiago",0.4299,2026-07-20,https://salcobrand.trabajando.cl/trabajo-empleo/product-manager-de-alianzas-y-convenios/trabajo/6103118
Químico(a) Farmacéutico(a) Full Time - Rancagua,Salcobrand,"Rancagua, Lib. Gral. Bdo. O'Higgins",0.4173,2026-07-20,https://salcobrand.trabajando.cl/trabajo-empleo/quimico-a-farmaceutico-a-full-time-rancagua/trabajo/6103432
Data Scientist,Ripley,Ofi. Alonso De Cordova 5320 - Prod.Financiero,0.416,2026-07-20,https://ripley.csod.com/ux/ats/careersite/4/home/requisition/20106?c=ripley
Químico(a) Farmacéutico(a) Full Time - Las Condes,Salcobrand,"Las Condes, Metropolitana de Santiago",0.415,2026-07-20,https://salcobrand.trabajando.cl/trabajo-empleo/quimico-a-farmaceutico-a-full-time-las-condes/trabajo/6103077
Supervisor Control de Calidad,Medcell,"Pudahuel, Metropolitana de Santiago",0.4108,2026-07-20,https://salcobrand.trabajando.cl/trabajo-empleo/supervisor-control-de-calidad/trabajo/6103126
Mayordomo de Edificio Corporativo,Empresas SB,"Santiago, Metropolitana de Santiago",0.4093,2026-07-20,https://salcobrand.trabajando.cl/trabajo-empleo/mayordomo-de-edificio-corporativo/trabajo/6103144
Analista Senior Inteligencia Operacional,Salcobrand,"Providencia, Metropolitana de Santiago",0.4054,2026-07-20,https://salcobrand.trabajando.cl/trabajo-empleo/analista-senior-inteligencia-operacional/trabajo/6103139
Químico(a) Farmacéutico(a) Full Time  - Buin,Salcobrand,"Buin, Metropolitana de Santiago",0.4024,2026-07-20,https://salcobrand.trabajando.cl/trabajo-empleo/quimico-a-farmaceutico-a-full-time-buin/trabajo/6103074
Químico(a) Farmacéutico(a) Part Time  - Viña del Mar,Salcobrand,"Viña del Mar, Valparaíso",0.4018,2026-07-20,https://salcobrand.trabajando.cl/trabajo-empleo/quimico-a-farmaceutico-a-part-time-vina-del-mar/trabajo/6103070
"Brand Analyst, Gerencia de Marketing",Tottus,"Santiago, Metropolitana, Chile",0.4011,2026-07-20,https://falabella.airavirtual.com/postula/eELFCkqstTiq0d6gOIOe?logged_action=apply&register=true
Product Manager Medios Digitales - Reemplazo Pre y Post Natal,Ripley,Ofi Cerro Colorado 5240 - Comercial,0.3952,2026-07-20,https://ripley.csod.com/ux/ats/careersite/4/home/requisition/22709?c=ripley
Asistente de Bodega Calzado Dama / Part Time S/D /Falabella Parque Arauco,Falabella Retail,"Las Condes, Metropolitana, Chile",0.3895,2026-07-20,https://falabella.airavirtual.com/postula/Y7f8wlryJAf4O0RPVQD8?logged_action=apply&register=true
Químico(a) Farmacéutico(a) Full Time  - Viña del Mar,Salcobrand,"Viña del Mar, Valparaíso",0.3877,2026-07-20,https://salcobrand.trabajando.cl/trabajo-empleo/quimico-a-farmaceutico-a-full-time-vina-del-mar/trabajo/6103072
Jefe de Inteligencia Artificial,Ripley,Ofi. Alonso De Cordova 5320 - Producto Financiero,0.3855,2026-07-20,https://ripley.csod.com/ux/ats/careersite/4/home/requisition/21682?c=ripley
Analista Comercial Senior Categoría Belleza - Marketplace,mercadolibre,"Santiago,Chile",0.3843,2026-07-20,https://mercadolibre.eightfold.ai/careers/job/43159365
Químico(a) Farmacéutico(a) Full Time - Valdivia,Salcobrand,"Valdivia, Los Ríos",0.3809,2026-07-20,https://salcobrand.trabajando.cl/trabajo-empleo/quimico-a-farmaceutico-a-full-time-valdivia/trabajo/6103076
Asistente de Bodega 42 horas / Rotativo 5x2 / Falabella Costanera,Falabella Retail,"Providencia, Metropolitana, Chile",0.3807,2026-07-20,https://falabella.airavirtual.com/postula/fpIFutpmpxYRivRbjETe?logged_action=apply&register=true
"Jefe de Apertura, Remodelación y Cierre de Locales",Salcobrand,"Providencia, Metropolitana de Santiago",0.3773,2026-07-20,https://salcobrand.trabajando.cl/trabajo-empleo/jefe-de-apertura-remodelacion-y-cierre-de-locales/trabajo/6103173
Ingeniero  Comercial Trainee - San Bernardo,Empresas Carozzi S.A.,"San Bernardo, Metropolitana de Santiago",0.3772,2026-07-20,https://carozzi.trabajando.cl/trabajo-empleo/ingeniero-comercial-trainee-san-bernardo/trabajo/6103285
Supervisor/a de Consumo - Temuco,Salcobrand,"Temuco, La Araucanía",0.3728,2026-07-20,https://salcobrand.trabajando.cl/trabajo-empleo/supervisor-a-de-consumo-temuco/trabajo/6103140
Jefe Mis Riesgo,Ripley,Ofi. Alonso De Cordova 5320 - Prod.Financiero,0.3722,2026-07-20,https://ripley.csod.com/ux/ats/careersite/4/home/requisition/17173?c=ripley
Asistente de Bodega 42 horas / Rotativo 5x2 / Falabella Costanera,Falabella Retail,"Providencia, Metropolitana, Chile",0.371,2026-07-20,https://falabella.airavirtual.com/postula/TNiJcHV0Y6ERqtRP6hX0?logged_action=apply&register=true
Jefe área Operaciones - Turno nocturno,Salcobrand,"Santiago, Metropolitana de Santiago",0.3649,2026-07-20,https://salcobrand.trabajando.cl/trabajo-empleo/jefe-area-operaciones-turno-nocturno/trabajo/6103119
Supervisor Zonal Seguros,Ripley,Ofi. Alonso De Cordova 5320 - Comercial,0.348,2026-07-20,https://ripley.csod.com/ux/ats/careersite/4/home/requisition/20019?c=ripley
Jefe de Sostenibilidad,Ripley,Ofi Cerro Colorado 5240 - Comercial,0.3412,2026-07-20,https://ripley.csod.com/ux/ats/careersite/4/home/requisition/22946?c=ripley
"Ejecutivo/a Retención de Clientes, FT, Seguros Vida",Seguros Falabella,"Ñuñoa, Metropolitana, Chile",0.3411,2026-07-20,https://falabella.airavirtual.com/postula/ujsYTqsP1xV6aLiMRlz2?logged_action=apply&register=true
Administrativo de Personal (2 años proyecto),Empresas Carozzi S.A.,"San Bernardo, Metropolitana de Santiago",0.3405,2026-07-20,https://carozzi.trabajando.cl/trabajo-empleo/administrativo-de-personal-2-anos-proyecto/trabajo/6103335
Ejecutivo de Venta Producto Financiero,Ripley,Tda Florida Center (Gesic) - Nuevos Clientes,0.3398,2026-07-20,https://ripley.csod.com/ux/ats/careersite/4/home/requisition/22902?c=ripley
Consultor/a de Belleza Part Time - Parque Arauco,Preunic,"Las Condes, Metropolitana de Santiago",0.3324,2026-07-20,https://salcobrand.trabajando.cl/trabajo-empleo/consultor-a-de-belleza-part-time-parque-arauco/trabajo/6103103
Auxiliar de Producción - San Bernardo,Empresas Carozzi S.A.,"San Bernardo, Metropolitana de Santiago",0.3311,2026-07-20,https://carozzi.trabajando.cl/trabajo-empleo/auxiliar-de-produccion-san-bernardo/trabajo/6103176
Ingeniero en Gestión de Continuidad,Ripley,Ofi. Alonso De Cordova 5320 - Prod.Financiero,0.3302,2026-07-20,https://ripley.csod.com/ux/ats/careersite/4/home/requisition/23037?c=ripley
Asistente Comercial,Ripley,Tda Plaza Egaña (Gesic) - Sucursales,0.3289,2026-07-20,https://ripley.csod.com/ux/ats/careersite/4/home/requisition/22846?c=ripley
Coordinador/a de Última Milla,cencosud,"Santiago, REGION METROPOLITANA, CL",0.3203,2026-07-20,https://cencosud.csod.com/ux/ats/careersite/5/home/requisition/14537?c=cencosud
Técnico Operador Climatización Cenco Costanera,cencosud,CL,0.3093,2026-07-20,https://cencosud.csod.com/ux/ats/careersite/5/home/requisition/14540?c=cencosud
Supervisor Servicio Al Cliente,Ripley,Tda Plaza Huechuraba - Plataforma De Servicios,0.3049,2026-07-20,https://ripley.csod.com/ux/ats/careersite/4/home/requisition/22899?c=ripley
Jefe de Tienda Plaza Maule- Casaideas,Casaideas,"Talca, Maule",0.2924,2026-07-20,https://casaideas.trabajando.cl/trabajo-empleo/jefe-de-tienda-plaza-maule-casaideas/trabajo/6103531
Asistente de Ventas FT - Umbrale Portal La Dehesa,cencosud,"Santiago, REGION METROPOLITANA, CL",0.2907,2026-07-20,https://cencosud.csod.com/ux/ats/careersite/5/home/requisition/14536?c=cencosud
Encargado Control Interno - Santa Isabel Machalí,cencosud,"Machali, REGIÓN LIB.GRAL.BDO.O'HIGGINS, CL",0.2799,2026-07-20,https://cencosud.csod.com/ux/ats/careersite/5/home/requisition/14450?c=cencosud
Asistente de Ventas PT 30HRS - Umbrale Florida Center,cencosud,"Santiago, REGION METROPOLITANA, CL",0.276,2026-07-20,https://cencosud.csod.com/ux/ats/careersite/5/home/requisition/14538?c=cencosud
Asistente de Ventas PK 20HRS - Umbrale Portal La Dehesa,cencosud,"Santiago, REGION METROPOLITANA, CL",0.2682,2026-07-20,https://cencosud.csod.com/ux/ats/careersite/5/home/requisition/14535?c=cencosud
Asistente de Ventas PK 20HRS - Umbrale Florida Center,cencosud,"Santiago, REGION METROPOLITANA, CL",0.2662,2026-07-20,https://cencosud.csod.com/ux/ats/careersite/5/home/requisition/14539?c=cencosud
Asistente de Ventas PT 30HRS - Umbrale Portal La Dehesa,cencosud,"Santiago, REGION METROPOLITANA, CL",0.2626,2026-07-20,https://cencosud.csod.com/ux/ats/careersite/5/home/requisition/14534?c=cencosud
Jefe de Tienda | Umbrale | Portal La Dehesa,cencosud,"Santiago, REGION METROPOLITANA, CL",0.2602,2026-07-20,https://cencosud.csod.com/ux/ats/careersite/5/home/requisition/14533?c=cencosud
Jefe de Tienda | Umbrale | Florida Center,cencosud,"Santiago, REGION METROPOLITANA, CL",0.2549,2026-07-20,https://cencosud.csod.com/ux/ats/careersite/5/home/requisition/14532?c=cencosud
Jefe de Ventas - Easy Ochagavía,cencosud,"Santiago, REGIÓN METROPOLITANA, CL",0.1607,2026-07-20,https://cencosud.csod.com/ux/ats/careersite/5/home/requisition/14541?c=cencosud
Arquitecto Jefe Store Planning,Casaideas,"Santiago, Metropolitana de Santiago",0.3979,2026-07-19,https://casaideas.trabajando.cl/trabajo-empleo/arquitecto-jefe-store-planning/trabajo/6103019
Atención de Probadores y Cajas Autoservicio / Full Time 5x2 42 hrs.  L/V / Falabella Temuco,Falabella Retail,"Temuco, Araucanía, Chile",0.3895,2026-07-19,https://falabella.airavirtual.com/postula/fWgiuoSVCt40W40APLyh?logged_action=apply&register=true
Atención de Probadores y Cajas Autoservicio /Full Time 42 hrs. Rotativos 5x2 / Falabella Arauco Maipú,Falabella Retail,"Maipú, Metropolitana, Chile",0.3823,2026-07-19,https://falabella.airavirtual.com/postula/PmjONFy6oVX6mXEzh29L?logged_action=apply&register=true
Atención de Probadores y Cajas Autoservicio / Media Jornada Tarde 30 horas / Falabella Independencia,Falabella Retail,"Independencia, Metropolitana, Chile",0.3778,2026-07-19,https://falabella.airavirtual.com/postula/96m2dP4KVbYZKzhCqh2a?logged_action=apply&register=true
Guardia de Seguridad con OS10 Vigente / 5x2 Full Time 42 Hrs. / Falabella Arica,Falabella Retail,"Arica, Arica y Parinacota, Chile",0.3645,2026-07-19,https://falabella.airavirtual.com/postula/DKLfglDGw3lCVMVYfTrn?logged_action=apply&register=true
Guardia de Seguridad con OS10 Vigente / Full Time 42 Horas 5x2 rotativo / Falabella Independencia,Falabella Retail,"Independencia, Metropolitana, Chile",0.3644,2026-07-19,https://falabella.airavirtual.com/postula/oKdUJh74GaYyDgQOVbT7?logged_action=apply&register=true
Asesor/a de Cliente Especialista / FT 42 Hrs. / Viña del Mar Centro,Falabella Retail,"Viña del Mar, Valparaíso, Chile",0.3423,2026-07-19,https://falabella.airavirtual.com/postula/qV64hM8fFKE0idScOBlt?logged_action=apply&register=true
Asesor/a de Cliente / Media Jornada Tarde 30 horas 5x2 / Falabella Quilpué,Falabella Retail,"Quilpué, Valparaíso, Chile",0.3215,2026-07-19,https://falabella.airavirtual.com/postula/hMiqB0kR1TD8cYny2nHZ?logged_action=apply&register=true
Auxiliar de Farmacia- Melipilla 20hrs semanales,Farmacias Ahumada S.A.,"Melipilla, Metropolitana de Santiago",0.3022,2026-07-19,https://ahumada.trabajando.cl/trabajo-empleo/auxiliar-de-farmacia-melipilla-20hrs-semanales/trabajo/6100021
Asesor/a de Cliente / Media Jornada Tarde 30hrs 5x2 / Falabella La Serena,Falabella Retail,"La Serena, Coquimbo, Chile",0.2612,2026-07-19,https://falabella.airavirtual.com/postula/fgIsQ8DxU8Nky4x2EN31?logged_action=apply&register=true
Subgerente Productividad Marca Líder,Walmart Chile,Quilicura,0.394,2026-07-18,https://postulawalmartchile.cl/vacante/detalle/4455251/external
"Gerente de Tienda, Tottus Mall Plaza Tobalaba",Tottus,"Santiago, Metropolitana, Chile",0.3844,2026-07-18,https://falabella.airavirtual.com/postula/7MBXJ9uA3iERU2peEc1Y?logged_action=apply&register=true
Líder De Seguridad Tecnológica,Walmart Chile,Quilicura,0.3611,2026-07-18,https://postulawalmartchile.cl/vacante/detalle/4455150/external
Guardia de Seguridad 42 horas 5x2 turno rotativo /Falabella Costanera,Falabella Retail,"Providencia, Metropolitana, Chile",0.351,2026-07-18,https://falabella.airavirtual.com/postula/D15y8rNfwRRkVfBkwhLz?logged_action=apply&register=true
Comprador Omnicanal,Walmart Chile,Quilicura,0.3413,2026-07-18,https://postulawalmartchile.cl/vacante/detalle/4455206/external
Jefe De Proyecto,Walmart Chile,Quilicura,0.3232,2026-07-18,https://postulawalmartchile.cl/vacante/detalle/4455219/external
