title,team,location,city,job_id,source,first_seen_date,last_seen_date,semantic_similarity,job_category,schedule_type,company_name,country,url,description_short,description,requirements,selection_process
Senior Strategy Manager,Gerencia Estrategia Corporativa y Desarrollo de Negocio,Quilicura,Quilicura,4397341,walmart,2026-07-14,2026-07-14,0.4539,Gerencia Estrategia Corporativa y Desarrollo de Negocio,Full Time,Walmart Chile,Chile,https://postulawalmartchile.cl/vacante/detalle/4397341/external,,"¿Tienes ganas de hacer la diferencia y alcanzar tu mejor versión? En Walmart Chile nos transformamos día a día con orgullo y pasión para brindar la mejor experiencia omnicanal y generar un impacto real en nuestros colaboradores, clientes y comunidades. Somos el Retail minorista más grande del mundo y el tercer empleador más grande de Chile. En Chile nos puedes encontrar a través de nuestras plataformas digitales Lider App y Lider Web, y nuestros formatos Lider, Express de Lider, Super Bodega aCuenta y Central Mayorista. ¡Pero eso no es todo! Para lograr la experiencia de compra de excelencia que buscamos, contamos también con nuestras plantas productivas y centros de distribución. El team de Estrategia está buscando a su próximo/a Senior Strategy Manager para hacer la diferencia en nuestros equipos. Valoramos lo que te hace único y promovemos una cultura donde puedes ser tu mejor versión y generar impacto positivo. Esta oferta laboral se rige bajo la Ley Nº 21.015 que incentiva la inclusión de personas con discapacidad al mundo laboral. ¿Cuáles serían tus principales desafíos? Definir y ejecutar estrategias corporativas alineadas con la visión y objetivos del negocio. Analizar entorno macroeconómico, industria y competencia para generar insights y recomendaciones accionables. Liderar iniciativas estratégicas cross-funcionales, asegurando alineación, ejecución y gestión de riesgos. Desarrollar business cases, planes financieros y modelos estratégicos para la toma de decisiones. Monitorear tendencias de mercado, clientes y competencia, anticipando oportunidades y riesgos. Actuar como asesor estratégico de líderes y stakeholders, influyendo en decisiones clave. Traducir la estrategia en objetivos financieros, planes tácticos y métricas de desempeño. Impulsar decisiones basadas en datos, análisis financiero y mejora continua. Liderar y desarrollar equipos de alto desempeño, promoviendo colaboración, diversidad e inclusión.","-Titulado/a de Ingeniería Civil Industrial o Comercial. -Desde 8 años de experiencia laboral. -Sería un plus si posees un MBA -Experiencia en consultoría, estrategia y/o retail. -Alta abstracción y pensamiento estratégico para traducir entornos complejos en decisiones claras. -Influir y generar confianza en C-level actuando como sparring y alineando decisiones de alto impacto -Sólido juicio financiero y de negocio para sustentar estrategias y evaluar riesgos y oportunidades.",Al postular serás notificado exclusivamente vía mail sobre el estado de tu postulación
Planner,Gerencia Comercial,Quilicura,Quilicura,4400333,walmart,2026-07-14,2026-07-19,0.4314,Gerencia Comercial,Full Time,Walmart Chile,Chile,https://postulawalmartchile.cl/vacante/detalle/4400333/external,,"El team de Planning está buscando a su próximo/a Planner para hacer la diferencia en nuestro equipo de la Gerencia Comercial, reportando a la Head Planner. Valoramos tu historia y eso que nos hace únicos. Es por eso impulsamos un ambiente de trabajo inclusivo, en donde puedes ser tu mejor versión y hacer la diferencia junto a nosotros. *Esta oferta laboral se rige bajo la Ley Nº 21.015 que incentiva la inclusión de personas con discapacidad al mundo laboral. Tus funciones: - Elaborar el plan anual financiero de ventas, margen y DOH consistentes con la estrategia comercial omnicanal en Tribus de Misión y Squad a cargo. -Elaborar planes financieros consistentes con la estrategia comercial de la tribu. Definición y construcción de presupuestos comerciales (venta, compra, margen inicial, markdown, margen mantenido) a nivel de categoría, fineline, item a cargo. Presentación a GMM y DMM para aprobación. -Controlar las compras nacionales e importadas de acuerdo a presupuestos de compra y plan de DOH definido. Aprobación de compras excepcionales fuera de presupuesto. Seguimiento de inventarios a nivel depto/fineline/item y generación de alertas de quiebre o exceso. -Analizar oportunidades, elaborar planes y controlar las apuestas comerciales, actividades promocionales y campañas. -Elaborar y analizar forecast de planes de venta, compra, margenes e ingresos financieros a corto y mediano plazo (mes en curso y YTG), guiando y controlando a los equipos comerciales en la gestión y seguimiento omnicanal del negocio. -Ejecutar las estrategias de salida de acuerdo a los tipos de producto en inventario mediante la definición de productos a liquidar, precios de los mismos y plazos de implementación; controlando eficientemente el presupuesto destino para liquidaciones de mercadería. -Elaborar/generar reportes diarios, semanales y mensuales para toda el área comercial de los diferentes KPIs del negocio. Analizar indicadores dando visibilidad y alerta a stakeholders.","-¿Qué esperamos de ti? -Que tengas entre 1 y 3 años de experiencia profesional. -Que te manejes en un Excel Avanzado (Tablas dinámicas, Cálculos Macro, Filtros avanzados) -Que te manejes en SQL intermedio -Que tengas conocimiento de Tableau/Power BI -Que tengas conocimiento de Data Blending: Tableu prep / Alteryx -Te manejas en un inglés intermedio -Eres Ingeniero/a Civil Industrial, Comercial , en información y control de gestión, o afín",Al postular serás notificado exclusivamente vía mail sobre el estado de tu postulación
Prevencionista De Riesgos Talca Plazo Fijo,Gerencia de Ética y Cumplimiento,Talca,Talca,4401600,walmart,2026-07-14,2026-07-20,0.339,Gerencia de Ética y Cumplimiento,Full Time,Walmart Chile,Chile,https://postulawalmartchile.cl/vacante/detalle/4401600/external,,"El team de Express de Líder está buscando a su próximo/a Prevencionista de Riesgos para hacer la diferencia en nuestra Gerencia de Ética y Cumplimiento. ¡Esta oportunidad es para todos! Valoramos tu historia y eso que nos hace únicos. Es por eso que pot un ambiente de trabajo inclusivo, en donde puedas ser tu mejor versión y hacer la diferencia junto a nosotros. * Esta oferta laboral se rige bajo la Ley Nº 21.015 que incentiva la inclusión de personas con discapacidad al mundo laboral. Tus funciones: - Asesorar y dirigir acciones preventivas que se enfoquen a disminuir la tasa de accidentabilidad y siniestralidad de la unidad de negocio a cargo, focalizando el trabajo colaborativo con la operación para lograr objetivos. - Aplicar y gestionar el cumplimiento de los protocolos MINSAL, Protocolos Internacionales y Programa de Higiene Ocupacional. - Comunicar de manera efectiva a las líneas de mando, respecto a los lineamientos de H&S. Hacer uso de medios comunicación efectivos, que permitan un alcance mayor a la operación. - Revisión, seguimiento y control a las actividades relacionadas a controlar emergencias que afecten la continuidad operacional de Walmart Chile. - Realizar seguimiento al programa de trabajo de terceras partes. Revisión y auditorias establecidas para el control documental y legal en plataforma SICOP. - Integrar y dar seguimiento a las plataformas digitales que almacenan data de gestión, tanto interna como externa (mutual de seguridad). - Gestionar procesos KPI y organizar funcionalmente proyectos propios y de sus reportes - Realizar gestión preventiva de multas. Identificar causas principales que afecten al negocio. Dando seguimiento mensual decada uno de los centros de trabajo identificando los incumplimientos regulatorios.",-Al menos un 1 año de experiencia aplicando el rol de Prevencionista de Riesgos. -Manejo de sistemas nivel usuario. -Manejo de Office nivel usuario. -Eres Ing. Ing. en Prevención de Riesgos y Medio Ambiente o Ing. en Prevención de Riesgos. -Cuentas con movilización propia (excluyente),Al postular serás notificado exclusivamente vía mail sobre el estado de tu postulación
Project Manager Digital,Gerencia Walmart Digital,Quilicura,Quilicura,4435534,walmart,2026-07-14,2026-07-21,0.3979,Gerencia Walmart Digital,Full Time,Walmart Chile,Chile,https://postulawalmartchile.cl/vacante/detalle/4435534/external,,"El team de Digital está buscando a su próximo/a Project Manager Digital para hacer la diferencia en nuestra Gerencia Walmart Digital. ¡Esta oportunidad es para todos/as! Valoramos tu historia y eso que nos hace únicos. Es por eso que pot un ambiente de trabajo inclusivo, en donde puedas ser tu mejor versión y hacer la diferencia junto a nosotros/as. *Esta oferta laboral se rige bajo la Ley Nº 21.015 que incentiva la inclusión de personas con discapacidad al mundo laboral. Tus principales desafíos serán: - Lidera la planificación estratégica y ejecución de nuevos lanzamientos de productos digitales, estableciendo hojas de rutas claras, riesgos potenciales, hitos medibles y coordinando recursos necesarios entre los distintos departamentos - Estima y mide las iniciativas y nuevos productos digitales para el negocio, a través de un roadmap a mediano y largo plazo. Prioriza en función del impacto comercial, ejecuta pruebas de lanzamiento y mide resultados asociados. - Gestiona la comunicación transversal entre equipos multidisciplinarios, actuando como puente para alinear objetivos, resolver conflictos y asegurar que todas las áreas trabajen sincronizadas hacia las metas del proyecto. Uso de metodología ágil y KPIs de éxito y seguimiento. - Construye y mantiene relaciones solidas con stakeholders claves, asegurando su compromiso y participación del proyecto mediante reportes ejecutivos periódicos, sesiones de retroalimentación y gestionando efectivamente las expectativas en cada fase.","-3 años de experiencia manejando proyectos de productos digitales, preferencia publicidad o marketing -Tienes dominio práctico en metodologías agiles -Comprensión sólida de productos publicitarios digitales -Dominio de herramientas de gestión de proyectos -Te manejas en un inglés intermedio -Eres Ingeniero/a Civil Industrial, o Comercial, o carrera afín",Al postular serás notificado exclusivamente vía mail sobre el estado de tu postulación
Project Manager Instore,Gerencia Walmart Digital,Huechuraba,Huechuraba,4435540,walmart,2026-07-14,2026-07-21,0.356,Gerencia Walmart Digital,Full Time,Walmart Chile,Chile,https://postulawalmartchile.cl/vacante/detalle/4435540/external,,"El team de Instore está buscando a su próximo/a Project Manager Instore para hacer la diferencia en nuestro equipo de Walmart Digital. ¡Esta oportunidad es para todos/as! Valoramos tu historia y eso que nos hace únicos. Es por eso que por un ambiente de trabajo inclusivo, en donde puedas ser tu mejor versión y hacer la diferencia junto a nosotros/as. *Esta oferta laboral se rige bajo la Ley Nº 21.015 que incentiva la inclusión de personas con discapacidad al mundo laboral. Tus principales desafíos serán: - Desarrolla la monetización del canal físico, a través de la apertura de nuevos formatos (superbodega acuenta y central mayorista). - Impulsa el crecimiento del negocio instore a través de lanzamientos de nuevos elementos de publicidad para todos los formatos. Foco en el benchmark de otros mercados y potenciar la experiencia de cliente - Gestiona la comunicación transversal entre equipos multidisciplinarios, actuando como puente para alinear objetivos, resolver conflictos y asegurar que todas las áreas trabajen sincronizadas hacia las metas del proyecto. Uso de metodología ágil y KPIs de éxito y seguimiento. - Construye y mantiene relaciones solidas con stakeholders claves, asegurando su compromiso y participación del proyecto mediante reportes ejecutivos periódicos, sesiones de retroalimentación y gestionando efectivamente las expectativas en cada fase. - Define KPIs de éxito, workflow de seguimiento y vsibilidad. Responsable de la medición de los lanzamientos lleve a cabo para entregar a cliente e impulsar la mejora continua.","-3 años de experiencia manejando proyectos, lanzamiento go to market en publicidad o marketing -Dominio práctico en metodologías agiles -Comprensión sólida de productos publicitarios, preferencia publicidad tradicional física -Dominio de herramientas de gestión de proyectos -Capacidad analítica para medición de impacto en tienda -Experiencia práctica con herramientas de manejo de datos -Tienes inglés intermedio -Eres Ingeniero/a Civil, Comercial, o carrera afín",Al postular serás notificado exclusivamente vía mail sobre el estado de tu postulación
Analista Senior Pricing,Gerencia Comercial,Quilicura,Quilicura,4410645,walmart,2026-07-14,2026-07-22,0.3868,Gerencia Comercial,Full Time,Walmart Chile,Chile,https://postulawalmartchile.cl/vacante/detalle/4410645/external,,"El equipo de Princing y Promociones está buscando a su próximo/a Analista Pricing para hacer la diferencia en su equipo. Valoramos tu historia y eso que nos hace únicos. Impulsamos un ambiente de trabajo inclusivo, en donde puedes ser tu mejor versión y hacer la diferencia junto a nosotrxs. Esta oferta laboral se rige bajo la Ley Nº 21.015 que incentiva la inclusión de personas con discapacidad al mundo laboral. Tus principales funciones: Asegurar la disponibilidad, consistencia, validez y calidad de la data de precios interna y externa. Definición y ejecución de estrategia de precios a nivel de competencia, formato y tipo de producto para dar cumplimiento al plan de posicionamiento de forma rentable. Liderar el desarrollo de herramientas tecnológicas que generen mejoras en el WOW del equipo y en las interacciones con stakeholders (Automizer, CyD Liquidaciones). Desarrollo y mantención de BI interactivos para visibilidad y alertas de posicionamiento a stakeholders (Comercial, Operaciones, Finanzas, Marketing). Visitar semanalmente tiendas propias y de la competencia. Desarrollo y ejecución de estrategias para productos especiales (No comparables, OPP, MMPP). Evaluación de listas promocionales con información de mercado y parámetros internos. Ejecución y control de listas promocionales (sistemas). Evaluación y ejecución de procesos de liquidación particulares y programados.","-Título profesional de Ingeniería Civil Industrial, Comercial o carrera afín. -Mínimo 3 años de experiencia en equipos comerciales o de desarrollo. -Conocimientos de metodologías y conceptos ágiles. -Manejo avanzado de Excel (excluyente). -Conocimientos de SQL, Power BI y Python (deseable). -Inglés intermedio oral y escrito. (excluyente)",Al postular serás notificado exclusivamente vía mail sobre el estado de tu postulación
Auditor Senior,Gerencia Auditoría Interna,Quilicura,Quilicura,4407460,walmart,2026-07-14,2026-07-22,0.2972,Gerencia Auditoría Interna,Full Time,Walmart Chile,Chile,https://postulawalmartchile.cl/vacante/detalle/4407460/external,,"•	Coordinar y ejecutar las pruebas de auditoría y su documentación, basados en la metodología de Auditoría Interna, considerando entre otros, la siguiente estructura de documentación: propósito y objetivo de los procedimientos de prueba, decisiones de muestreo claras y precisas, conclusiones de los procedimientos de prueba realizados, descripción de las notas de auditoría, fuente de información, etc •	Ejecutar el seguimiento oportuno de los planes de acción, gestionando con los responsables de negocios correspondientes. Probar la efectividad los controles u otras acciones de mitigación implementadas. Dar visibilidad de potenciales retrasos. •	Utilizar análsis de datos en el desarrollo de las pruebas de auditoría con el fin de ganar eficiencias dentro de la ejecución de los procedimientos de auditoría, así como para agregar valor al negocio. •	Participar activamente en la preparación y presentación de los resultados de la auditoría, tanto a las unidades de negocio como al Equipo Global de Auditoría Walmart, apoyando al lider de Proyecto. •	Compartir e interactuar con otros miembros del equipo de manera oportuna para compartir las mejores prácticas y experiencias basadas en proyectos de auditoría anteriores, capacitaciones y otras instancias de aprendizaje.","-Experiencia mínima en auditoría interna o externa de 4-5 años o áreas relacionadas como Finanzas -Contador Público y Auditor, Ingeniero/a Civil Industrial, en informática, comercial o afín -Nivel Avanzado de Ingles -Manejo en análisis de datos como Tableau, Alteryx, Power BI, SQL, Phyt. -Conocimiento de marcos ágiles (Scrum) -Certificaciones (deseables): SAP, CIA/CISA",Al postular serás notificado exclusivamente vía mail sobre el estado de tu postulación
Comprador Omnicanal,Gerencia Comercial,Quilicura,Quilicura,4408017,walmart,2026-07-14,2026-07-22,0.3269,Gerencia Comercial,Full Time,Walmart Chile,Chile,https://postulawalmartchile.cl/vacante/detalle/4408017/external,,"El team de Super Bodega aCuenta; está buscando a su próximo/a Comprador Omnicanal para las categorías de; Proteínas y Frutas y Verduras hacer la diferencia en nuestra gerencia Comercial, reportando al Divisional Merchandising Manager. ¡Esta oportunidad es para todos/as! Valoramos tu historia y eso que nos hace únicos. Es por eso que, por un ambiente de trabajo inclusivo, en donde puedas ser tu mejor versión y hacer la diferencia junto a nosotros/as. *Esta oferta laboral se rige bajo la Ley Nº 21.015 que incentiva la inclusión de personas con discapacidad al mundo laboral. Tus funciones: •	Negociar aspectos comerciales con proveedores y mantener actualizadas las condiciones comerciales. •	Planificar y ejecutar la compra, a nivel nacional o internacional, de productos correspondientes a su categoría, de acuerdo a criterios definidos (tipo de productos, calidad, precios, temporada, etc.) •	Coordinar y controlar el abastecimiento de locales, con productos de su categoría, velando por un grupo de categorías mas amplia. •	Analizar los indicadores de gestión de ventas y mercado (oferta y mix de la competencia, etc) •	Coordinación de Campañas con los diversos equipos internos de la compañía •	Revisar oportunidades en terreno el surtido y distribución de la mercadería en las tiendas •	Determinar los precios, publicidad y promociones de los productos de su categoría. Definir el Rol Categoría de los productos a comprar, de acuerdo a formato, marcas, diseño, comprar muestras, etc. •	Participa procesos transversales compañía •	Confeccionar el presupuesto anual de compra para la categoría de su competencia. (Global - GM). Participación en confección del Bottom up del año (PPS/ACP) •	Ejecutar las labores de registro de información en los sistemas (herramientas).","-Tienes 2 años trabajando como Comprador en retail, o cargos similares. -Tienes 1 temporada vendida / Compra y administración 1 temporada completa -Tienes experiencia en procesos de negociación finalizado. -Tienes inglés intermedio – avanzado. -Eres Ingeniero/a Comercial o carrera a fin.",Al postular serás notificado exclusivamente vía mail sobre el estado de tu postulación
Comprador Omnicanal,Gerencia Comercial,Quilicura,Quilicura,4455206,walmart,2026-07-18,2026-07-22,0.3413,Gerencia Comercial,Full Time,Walmart Chile,Chile,https://postulawalmartchile.cl/vacante/detalle/4455206/external,,"El team de Líder; está buscando a su próximo/a Comprador Omnicanal para las categorías de Hogar; hacer la diferencia en nuestra gerencia Comercial, reportando al Divisional Merchandising Manager. Valoramos tu historia y eso que nos hace únicos. Es por eso impulsamos un ambiente de trabajo inclusivo, en donde puedes ser tu mejor versión y hacer la diferencia junto a nosotros/as. *Esta oferta laboral se rige bajo la Ley Nº 21.015 que incentiva la inclusión de personas con discapacidad al mundo laboral. - Negociar aspectos comerciales con proveedores y mantener actualizadas las condiciones comerciales. - Planificar y ejecutar la compra, a nivel nacional o internacional, de productos correspondientes a su categoría, de acuerdo a criterios definidos (tipo de productos, calidad, precios, temporada, etc.) - Coordinar y controlar el abastecimiento de locales, con productos de su categoría, velando por un grupo de categorías mas amplia. - Analizar los indicadores de gestión de ventas y mercado (oferta y mix de la competencia, etc) - Coordinación de Campañas con los diversos equipos internos de la compañía - Revisar oportunidades en terreno el surtido y distribución de la mercadería en las tiendas - Determinar los precios, publicidad y promociones de los productos de su categoría. Definir el Rol Categoría de los productos a comprar, de acuerdo a formato, marcas, diseño, comprar muestras, etc. - Participa procesos transversales compañía - Confeccionar el presupuesto anual de compra para la categoría de su competencia. - Ejecutar las labores de registro de información en los sistemas (herramientas).","-Desde 2 años de experiencia trabajando como comprador en retail, o cargos similares -Experiencia en tener 1 temporada vendida -Experiencia en compra y administración de 1 temporada completa -Tienes un proceso de negociación finalizado -Eres Ingeniero Comercial o carrera a fin.",Al postular serás notificado exclusivamente vía mail sobre el estado de tu postulación
Comprador Omnicanal Senior,Gerencia Comercial,Quilicura,Quilicura,4411712,walmart,2026-07-14,2026-07-22,0.427,Gerencia Comercial,Full Time,Walmart Chile,Chile,https://postulawalmartchile.cl/vacante/detalle/4411712/external,,"Tienes ganas de hacer la diferencia y alcanzar tu mejor versión? En Walmart Chile nos transformamos día a día para brindar la mejor experiencia omnicanal a nuestros clientes y generar impacto real en colaboradores y comunidades. Somos el retail minorista más grande del mundo y el tercer empleador más grande de Chile, presentes a través de Lider App, Lider Web y nuestros formatos Lider, Express de Lider, Super Bodega aCuenta y Central Mayorista. Contamos además con plantas productivas y centros de distribución que hacen posible nuestra operación. La interculturalidad, innovación y diversidad son parte de nuestro ADN. Somos personas trabajando para personas, impulsando un ambiente inclusivo donde cada quien puede ser su mejor versión. * Esta oferta se rige bajo la Ley N°21.015 de inclusión laboral. El team de Compras Comerciales busca a su próximo/a Comprador Omnicanal Senior Menaje, reportando al Divisional Merchandising Manager de la Gerencia Comercial. Principales funciones: • Negociar condiciones comerciales con proveedores, asegurando competitividad sostenida y definición de roles de categoría multiformato. • Gestionar compra, surtido y abastecimiento en coordinación con equipos de Replenishment. • Analizar indicadores de ventas, mercado y competencia para la toma de decisiones. • Liderar proyectos transversales de alto impacto (mejoras de procesos, layout, tienda del futuro). • Coordinar y ejecutar campañas comerciales con Marketing, Supply, Operaciones y Ecommerce. • Evaluar surtido y distribución en tiendas y canales digitales. • Negociar promociones, descuentos y condiciones comerciales. • Mantener sistemas actualizados con condiciones comerciales, line reviews y definiciones de surtido. • Gestionar facturación de acuerdos comerciales (allowances) con proveedores.","-Eres Ingeniero/a Comercial, Civil Industrial o carrera a fin. -Tienes al menos 4 años trabajando como comprador en retail o cargos similares. -Experiencia liderando al menos un proyecto transversal y al menos 2 campañas transversales compañía -Tienes experiencia negociando con proveedores",Al postular serás notificado exclusivamente vía mail sobre el estado de tu postulación
Engineering Manager II,Gerencia Tecnología,Huechuraba,Huechuraba,4438420,walmart,2026-07-14,2026-07-22,0.4529,Gerencia Tecnología,Full Time,Walmart Chile,Chile,https://postulawalmartchile.cl/vacante/detalle/4438420/external,,"El team de Ingeniería de Software está buscando a su próximo/a Engineering Manager II para hacer la diferencia en nuestro equipo de Tecnología. Valoramos tu historia y eso que nos hace únicos. Es por eso que impulsamos un ambiente de trabajo inclusivo, en donde puedes ser tu Esta oferta laboral se rige bajo la Ley Nº 21.015 que incentiva la inclusión de personas con discapacidad al mundo laboral. Tus desafíos serán: • Liderar y desarrollar equipos de ingeniería de alto desempeño en contextos de innovación y transformación tecnológica. • Construir capacidades tecnológicas escalables orientadas a mejorar experiencias digitales y customer experience. • Impulsar una cultura de experimentación, aprendizaje continuo y rápida iteración. • Traducir desafíos de negocio y producto en soluciones tecnológicas escalables y sostenibles. • Trabajar colaborativamente con equipos de Producto, Diseño, Data y negocio para construir experiencias centradas en clientes. • Explorar nuevas tecnologías y capacidades emergentes relacionadas con Inteligencia Artificial, automatización y personalización. • Liderar decisiones técnicas y arquitectónicas promoviendo estándares modernos de ingeniería. • Velar por la calidad técnica, performance, resiliencia y salud del ecosistema tecnológico. • Promover prácticas modernas de desarrollo de software, delivery continuo y excelencia técnica. • Balancear velocidad de innovación con estabilidad operacional y sostenibilidad técnica. • Conectar soluciones locales con capacidades globales y mejores prácticas del ecosistema Walmart.","-• Formación en Ingeniería Informática o experiencia equivalente. -• Experiencia liderando equipos de ingeniería de software de alto desempeño. -• Experiencia construyendo productos, plataformas o experiencias digitales escalables. -• Sólidos conocimientos en arquitectura de software, sistemas distribuidos y prácticas modernas. -• Experiencia trabajando con equipos multidisciplinarios de Producto, Diseño y Data. -• Conocimiento en metodologías ágiles, continuous delivery y quality engineering. -• Experiencia evaluando trade-offs técnicos, operacionales y de negocio. -• Experiencia desarrollando talento técnico y construyendo equipos de ingeniería sólidos. -Inglés avanzado.",Al postular serás notificado exclusivamente vía mail sobre el estado de tu postulación
Especialista Planner,Gerencia Walmart Digital,Santiago,Santiago,4426774,walmart,2026-07-14,2026-07-22,0.4693,Gerencia Walmart Digital,Full Time,Walmart Chile,Chile,https://postulawalmartchile.cl/vacante/detalle/4426774/external,,"El Team de Marketplace está buscando a su próximo/a Especialista Planner para hacer la diferencia en nuestra gerencia Walmart Digital. ¡Esta oportunidad es para todos! Valoramos tu historia y eso que nos hace únicos. Es por eso que por un ambiente de trabajo inclusivo, en donde puedas ser tu mejor versión y hacer la diferencia junto a nosotros. *Esta oferta laboral se rige bajo la Ley Nº 21.015 que incentiva la inclusión de personas con discapacidad al mundo laboral. Tus funciones: - Realiza análisis de surtido, participación dentro del mercado y desempeño de Sellers. Asegurando una ejecución correcta de la planificación en el aumento de surtido en el corto, mediano y largo plazo. - Controlar y proponer la correcta alocación del surtido dentro de nuestras distintas palancas logísticas, con el propósito de ofrecerle al cliente el mejor surtido a la mejor velocidad. - Elaborar el plan anual financiero de las categorías de nuestro Marketplace. Definición y construcción de presupuestos comerciales (GMV, márgenes, posicionamiento, Sellers, SKU) - Controlar la correcta inversión de márgenes, proponiendo a los KAM comerciales estrategias de apalancamiento que guíen al cumplimiento. - Proponer estrategias de posicionamiento, controlando la percepción de precios que tiene el cliente con el surtido de nuestro marketplace.","-Civil Industrial, Control Gestión o afín -Conocimiento teórico-práctico básico de SQL -Office / Excel (Nivel Avanzado) -Inglés intermedio -Disposición y experiencia básica en el uso de IA como apoyo al trabajo diario",Al postular serás notificado exclusivamente vía mail sobre el estado de tu postulación
Especialista Planner,Gerencia Comercial,Quilicura,Quilicura,4451179,walmart,2026-07-14,2026-07-22,0.4445,Gerencia Comercial,Full Time,Walmart Chile,Chile,https://postulawalmartchile.cl/vacante/detalle/4451179/external,,"El equipo de Planning busca a su próximo/a Especialista Planner para hacer la diferencia en nuestra gerencia Comercial, reportando directamente a nuestro Head Planner. Valoramos tu historia y eso que nos hace únicos. Es por eso impulsamos un ambiente de trabajo inclusivo, en donde puedes ser tu mejor versión y hacer la diferencia junto a nosotros/as. *Esta oferta laboral se rige bajo la Ley Nº 21.015 que incentiva la inclusión de personas con discapacidad al mundo laboral. Tus funciones: •	Diseñar y liderar el plan anual financiero (ventas, margen, share) alineado con la estrategia comercial. •	Construir y ejecutar presupuestos comerciales por categoría y mes, consolidarlos y presentarlos para validación. •	Elaborar y analizar pronósticos de ventas, compras, márgenes e ingresos a corto, mediano y largo plazo. •	Entregar forecast y principales insights a stakeholders para decisiones financieras, logísticas y operativas. •	Desarrollar modelos basados en datos para proyecciones y simulación de escenarios. •	Analizar y controlar indicadores clave del negocio. •	Garantizar reportes diarios, semanales y mensuales para dar visibilidad y alertas a stakeholders. •	Alinear planes comerciales con áreas como supply, marketing y finanzas. •	Conducir campañas y actividades promocionales, controlando presupuestos y oportunidades. •	Definir productos a liquidar, precios y plazos, asegurando control del presupuesto destinado. •	Liderar proyectos de mejora continua, automatización y procesos end-to-end. •	Incorporar inteligencia de negocio e innovación en planificación. •	Realizar mentoring a planners junior para elevar el nivel analítico y estratégico del equipo. •	Evaluar KPIs críticos como rentabilidad, efectividad promocional, calidad de inventario y seguimiento de campañas.","-Mínimo 3 años de experiencia, idealmente en áreas de planificación, comercial o Business Inteligence -Nivel Office Excel Avanzado (Tablas dinámicas, Cálculos Macro, Filtros avanzados) -Tableau/Power BI básico o superior -Manejo de SQL intermedio o superior -Data Blending: Tableu prep / Alteryx (no excluyente) -Nivel Inglés Intermedio o superior",Al postular serás notificado exclusivamente vía mail sobre el estado de tu postulación
Gerente Planning Y Revenue Management,Gerencia Comercial,Quilicura,Quilicura,4422129,walmart,2026-07-14,2026-07-22,0.489,Gerencia Comercial,Full Time,Walmart Chile,Chile,https://postulawalmartchile.cl/vacante/detalle/4422129/external,,"¿Tienes ganas de hacer la diferencia y alcanzar tu mejor versión? En Walmart Chile nos transformamos día a día con orgullo y pasión para brindar la mejor experiencia omnicanal y generar un impacto real en nuestros colaboradores, clientes y comunidades. Somos el Retail minorista más grande del mundo y el tercer empleador de Chile. Estamos presentes a través de Lider App, Lider Web, Lider, Express de Lider, Super Bodega aCuenta, Central Mayorista, plantas productivas y centros de distribución. Súmate a nuestro propósito de ayudar a nuestros clientes a vivir mejor. El team de Merchandising Operations está buscando a su próximo/a Gerente Planning y Revenue Management para hacer la diferencia en nuestro equipo de Comercial. Valoramos tu historia y eso que nos hace únicos. Es por eso que impulsamos un ambiente de trabajo inclusivo, en donde puedes ser tu mejor versión y hacer la diferencia junto a nosotro/as. *Esta oferta laboral se rige bajo la Ley Nº 21.015 que incentiva la inclusión de personas con discapacidad al mundo laboral. Tus principales desafíos serán: Planning: Planificación financiera y construcción de planes de venta, campañas, grossprofit y doh por categoría/subcategoría, incluyendo proyecciones omnicanales. Forecasting y gestión de desempeño de categoría. Liderar proyecciones de ventas e inventario, integrando datos, tendencias y factores externos para categorías complejas. Diseñar, coordinar, ejecutar y hacer seguimiento de las estrategias comerciales, resultados y planes de acción para todas las áreas comerciales OTB: Control de inventario, flujos de mercadería y eficiencia asegurando cumplir el plan de DOH. Controlar la aplicación de las estrategias de salida para productos improductivos, suprimidos y obsoletos. Transformación Digital: Diseño, Planificación y ejecución de soluciones digitales que habiliten decisiones más rápidas y de mejor calidad. Implementación de Agile y Lean como métodos de trabajo en la organización.","-Titulado de Ingenieria Civil, Comercial o carreras afín -Desde 6 años de experiencia en retail, merchandising, forecasting o áreas relacionadas. -Desde 4 años de experiencia gestionando estados de resultados (P&L) -Desde 3 años de experiencia liderando equipos -Desde 3 años de experiencia en negociación de condiciones comerciales y costos -Conocimientos en Planificación comercial, Forecasting financiero, Gestión de Categorías -Conocimientos en Análisis de Datos y Planificación de demanda del cliente -Inglés Avanzado",Al postular serás notificado exclusivamente vía mail sobre el estado de tu postulación
Gerente Pricing Y Promociones,Gerencia Comercial,Quilicura,Quilicura,4451594,walmart,2026-07-14,2026-07-22,0.3389,Gerencia Comercial,Full Time,Walmart Chile,Chile,https://postulawalmartchile.cl/vacante/detalle/4451594/external,,"El equipo de Pricing y Promociones busca a su próximo/a Gerente Pricing y Promociones para hacer la diferencia en nuestra gerencia Comercial. Valoramos tu historia y eso que nos hace únicos. Es por eso impulsamos un ambiente de trabajo inclusivo, en donde puedes ser tu mejor versión y hacer la diferencia junto a nosotros/as. *Esta oferta laboral se rige bajo la Ley Nº 21.015 que incentiva la inclusión de personas con discapacidad al mundo laboral. Tus funciones serán las siguientes: -Definir procesos y políticas de definición de precios regulares, precios promocionales y alzas de costos asegurando una propuesta que responda a las necesidades del cliente omnicanal y a la CVP de las marcas de WM Chile. -Liderar y evolucionar procesos, herramientas y estrategias de precios regulares, precios promocionales y alzas de costos apalancándose en data y tecnología, con mirada Omnicanal. -Priorizar, planificar y dirigir el flujo de trabajo del COE para dar respuesta a los requerimientos de servicio del portafolio de misiones de compra, marca y demás stakeholders; asegurando alineación, eficiencia y entrega de valor. -Priorizar, planificar y coordinar en conjunto con la marcas de WM Chile iniciativas comerciales de precios regulares y promocionales con impacto en las operaciones. -Definir estándares del COE y los KPI´S de control que permitan monitorear el desempeño de la especialidad y la efectividad del proceso, identificando e implementando oportunidades de mejora. -Transformar equipos de trabajo, velando tener siempre la estructura, talento y WOW necesarios para el cumplimiento de objetivos a corto y largo plazo de la especialidad -Desarrollar al equipo a cargo, mediante la conducción de procesos de selección e inducción; la generación de planes de carrera, sucesión y capacitación; y la aplicación de políticas de retención, promoción y coaching. Seleccionar, contratar y administrar servicios de terceros.","-7 años de experiencia en Retail o industrias afines, áreas comerciales y/o áreas de planificación. -Experiencia liderando equipos de trabajo. -Conocimiento en análisis financiero y análisis de datos. Conocimiento en Revenue Management -Conocimiento en gestión de proyectos y mejora de procesos -Conocimiento en Metodologías Agiles (deseable) -Conocimiento en base de datos y manejo de herramientas BI (Usuario) -Tienes nivel de inglés avanzado -Eres Ingeniero/a Civil Industrial, Comercial o afín.",Al postular serás notificado exclusivamente vía mail sobre el estado de tu postulación
Jefe De Proyecto,Gerencia Central OPS,Quilicura,Quilicura,4455219,walmart,2026-07-18,2026-07-22,0.3232,Gerencia Central OPS,Full Time,Walmart Chile,Chile,https://postulawalmartchile.cl/vacante/detalle/4455219/external,,"La Gerencia de Central OPS está buscando a su próximo/a Jefe/a de Proyecto para hacer la diferencia en el equipo. Valoramos tu historia y eso que nos hace únicos. Es por eso que impulsamos un ambiente de trabajo inclusivo, en donde puedes ser tu mejor versión y hacer la diferencia junto a nosotros. *Esta oferta laboral se rige bajo la Ley Nº 21.015 que incentiva la inclusión de personas con discapacidad al mundo laboral. Tus principales funciones: Co‑construir y estructurar el portafolio de iniciativas de transformación junto al Subgerente, asegurando alineación con la estrategia de Central Ops y priorización en base a impacto de negocio. Liderar la ejecución end‑to‑end de proyectos estratégicos de alta complejidad, desde el diagnóstico hasta la implementación y escalamiento, asegurando resultados concretos en operación (productividad) y experiencia de cliente. Articular e influir en stakeholders críticos de segunda y tercera línea (Tech, Operaciones, Comercial, Finanzas, Inversiones, proveedores), alineando decisiones, gestionando dependencias y movilizando a la organización. Construir y defender casos de negocio en instancias ejecutivas, participando activamente en comités de inversión y contribuyendo a la toma de decisiones estratégicas. Monitorear y gestionar el desempeño del portafolio, asegurando cumplimiento de KPIs de impacto, identificando riesgos y activando planes de mitigación oportunamente. Actuar como referente del equipo de proyectos, no solo de su subgerencia, elevando estándares de ejecución, governance y toma de decisiones, y mentorando a perfiles más junior. Representar al área en instancias estratégicas y actuar como back‑up del Subgerente, tomando decisiones en su ausencia y adquiriendo una visión integral del negocio. Apalancar el uso de nuevas tecnologías y analítica avanzada (incluyendo AI) para mejorar la toma de decisiones, eficiencia operativa y escalabilidad de las soluciones.","-Mínimo 2 años de experiencia en gestión de proyectos de transformación, innovación o mejora continua -Experiencia liderando iniciativas de alto impacto y complejidad en industrias intensivas en operaci. -Sólidos conocimientos en evaluación de proyectos (ROI, TIR, CAPEX/OPEX), gestión de portafolio. -Experiencia trabajando con stakeholders senior y participando en instancias de decisión. -Alta capacidad de influencia, negociación y comunicación, con foco en storytelling con datos. -Experiencia impulsando la adopción de nuevas tecnologías y soluciones analíticas (incluyendo AI). -Conocimiento en metodologías de innovación y mejora continua. -Manejo de herramientas de análisis de datos es deseable, -Inglés oral y escrito a nivel intermedio",Al postular serás notificado exclusivamente vía mail sobre el estado de tu postulación
Legal Business Partner,Gerencia Legal,Huechuraba,Huechuraba,4413415,walmart,2026-07-14,2026-07-22,0.2566,Gerencia Legal,Full Time,Walmart Chile,Chile,https://postulawalmartchile.cl/vacante/detalle/4413415/external,,"El team de Legal está buscando a su próximo/a Legal Business Partner para hacer la diferencia en nuestro equipo, reportando al Gerente Legal. ¡Esta oportunidad es para todos/as! Valoramos tu historia y eso que nos hace únicos. Es por eso que por un ambiente de trabajo inclusivo, en donde puedas ser tu mejor versión y hacer la diferencia junto a nosotros/as. *Esta oferta laboral se rige bajo la Ley Nº 21.015 que incentiva la inclusión de personas con discapacidad al mundo laboral. Tus principales desafíos serán: - Analiza las implicancias legales de iniciativas, proyectos, ideas, propuestas y otros que presente el negocio que digan relación con el funcionamiento general de la empresa (proyectos inmobiliarios, asuntos corporativos y contractuales) - Anticipar riesgos legales de la estrategia de negocio e iniciativas específicas en lo que digan relación con nuevas líneas e ideas de negocio, formas de trabajo y alianzas con comunidades y terceros que sean novedosas y fuera del funcionamiento general de la compañía. - Mantener a la gerencia actualizada en términos de benchmark y experiencias en desarrollo regulatorio aplicable al retail - Trabajar colaborativamente y mantener comunicación fluida con la matriz en Bentonville y Legal Internacional","-8 años de experiencia en empresas o asociado senior en estudios de abogados -Postgrado en materia corporativa, derecho de la empresa, o inmobiliaria -Tienes inglés intermedio excluyente -Eres abogado(a)",Al postular serás notificado exclusivamente vía mail sobre el estado de tu postulación
Líder De Productividad Y Planificación De Marcas,Gerencia Central OPS,Quilicura,Quilicura,4458463,walmart,2026-07-22,2026-07-22,0.4137,Gerencia Central OPS,Full Time,Walmart Chile,Chile,https://postulawalmartchile.cl/vacante/detalle/4458463/external,,"El equipo de Transformación, Eficiencia y Omnicare está buscando a su próximo/a Líder Productividad y Planificación de Marcas para hacer la diferencia en su equipo en la gerencia Central OPS. Valoramos tu historia y eso que nos hace únicos. Es por eso que impulsamos un ambiente de trabajo inclusivo, en donde puedes ser tu mejor versión y hacer la diferencia junto a nosotro/as. *Esta oferta laboral se rige bajo la Ley Nº 21.015 que incentiva la inclusión de personas con discapacidad al mundo laboral. Tus desafíos serán: Definir los modelos de estrategia de dotaciones considerando los desafíos financieros y de servicio de acuerdo con los modelos operativos, propuesta de valor y agenda laboral. Dirigir estudios de dotaciones y líneas de mejora continua que permitan generar mejoras en temas de modelos de productividad/servicio y gestión de dotaciones. Establecer objetivos de Estructura Administrativa para cada tienda, respetando lo definido por el modelo operativo y restricciones laborales. Dirigir y coordinar el proceso de planificación mensual para los +38.000 colaboradores administrando las herramientas y plataformas corporativas asegurando los lineamientos de productividad. Establecer y controlar el cumplimiento de plan de Productividad, dotaciones y niveles de servicio en todas las tiendas, mediante la proyección y predicción de variables asociadas a las dotaciones, dimensionamiento y productividad. Liderar la elaboración de propuestas de mejora al proceso de planificación y roles en tienda mediante generación de insights y colaboración con COE's y Squad que simplifiquen y eficiente los procesos operaciones/personas.","-Formación en Ingeniería Civil Industrial, Ingeniería Civil o carreras afin. -4 a 5 años de experiencia en equipos de productividad, control de gestión y/o transformación. -Experiencia de procesos de armado de presupuesto financiero y control. -Experiencia en procesos de planificación y proyecciones de variables. -Experiencia en mejora continua de procesos, eficiencia, análisis estratégico o exp. relacionada. -Manejo de modelos predictivos y/o modelación matemática. -Toma de decisiones basadas en datos. -Fuerte pensamiento analítico. -Generación de presentaciones de alto nivel. -Manejo de bases de datos (SQL).",Al postular serás notificado exclusivamente vía mail sobre el estado de tu postulación
Líder De Seguridad Tecnológica,Gerencia Legal,Quilicura,Quilicura,4455150,walmart,2026-07-18,2026-07-22,0.3611,Gerencia Legal,Full Time,Walmart Chile,Chile,https://postulawalmartchile.cl/vacante/detalle/4455150/external,,"El team de Legal está buscando a su próxima/a Líder de Seguridad Tecnológica para hacer la diferencia en nuestro equipo. Valoramos tu historia y eso que nos hace únicos. Es por eso que impulsamos un ambiente de trabajo inclusivo, en donde puedes ser tu mejor versión y hacer la diferencia junto a nosotro/as. *Esta oferta laboral se rige bajo la Ley Nº 21.015 que incentiva la inclusión de personas con discapacidad al mundo laboral. Tus desafíos serán: - Diseñar, implementar, administrar y supervisar las soluciones tecnológicas de seguridad de Walmart Chile. - Liderar evaluaciones técnicas y de riesgo para definir soluciones proporcionales a las necesidades operacionales y niveles de amenaza de cada instalación. - Asegurar la correcta integración de las tecnologías con el GSOC y las plataformas corporativas de monitoreo. - Velar por el cumplimiento de la normativa legal y regulatoria vigente en materias de videovigilancia, tratamiento de información y protección de datos personales. - Implementar y administrar sistemas de videovigilancia de alta resolución, analítica avanzada con inteligencia artificial, alarmas, controles de acceso peatonal y vehicular, bodycams y sensores perimetrales. - Actuar como contraparte técnica de las áreas de Seguridad Corporativa, TI, Operaciones, Inmobiliaria y proveedores tecnológicos en proyectos, remodelaciones e implementación de infraestructura. - Gestionar incidentes tecnológicos de seguridad y supervisar proveedores e integradores tecnológicos. - Asegurar el mantenimiento preventivo y correctivo de los sistemas, garantizando su disponibilidad y continuidad operativa. - Generar reportes, métricas e indicadores de desempeño, y evaluar nuevas tecnologías y tendencias de seguridad.","-Mínimo 5 años seguridad corporativa, privada, patrimonial o pública. (Excluyente). -Mínimo 2 años liderando equipos operativos o de supervisión en Retail o Logistica (Deseable). -Conocimiento en leyes de seguridad privada vigente (certificación de consultor o símil de OS10). -Conocimiento en Sistemas Tecnológicos de Seguridad. -Conocimiento en recopilación, análisis de informació y gestión de riesgos en decisiones estratégicas -Profesional de Ingeniería en Prevención de Riesgos, Administración de empresas o carreras afines, -O Ex Oficiales de las Fuerzas de Orden; FFAA o carrera compatible con Tec. de Seguridad Electrónica. -Certificaciones vigentes asesor o Jefe de Seguridad  acreditado por OS10.",Al postular serás notificado exclusivamente vía mail sobre el estado de tu postulación
Líder Procesos Y Mejora Continua,Gerencia Central Ops,Quilicura,Quilicura,4410325,walmart,2026-07-14,2026-07-22,0.3536,Gerencia Central Ops,Full Time,Walmart Chile,Chile,https://postulawalmartchile.cl/vacante/detalle/4410325/external,,"El team de Procesos y Mejora Continua está buscando a su próximo/a Líder Procesos y Mejora Continua para hacer la diferencia en nuestra Gerencia Central Ops ¡Esta oportunidad es para todos/as! Valoramos tu historia y eso que nos hace únicos. Es por eso que por un ambiente de trabajo inclusivo, en donde puedas ser tu mejor versión y hacer la diferencia junto a nosotros/as. *Esta oferta laboral se rige bajo la Ley Nº 21.015 que incentiva la inclusión de personas con discapacidad al mundo laboral. Tus desafíos: - Apoyar al Subgerente del área en la evolución de los procesos de tiendas de Walmart Chile, asegurando su preparación para los desafíos futuros del retail mediante su rediseño y mejora continua. - Liderar el diseño y evolucionar procesos con visión de futuro, asegurando su alineación con la estrategia de WMCL y su capacidad de escalar mediante el uso de datos y tecnología. - Identificar oportunidades de mejora a partir del análisis en terreno y de grandes volúmenes de datos operacionales, priorizando iniciativas en función de su impacto en desempeño, eficiencia y experiencia. - Diseñar e implementar soluciones que permitan escalar procesos mediante tecnología, incluyendo automatización, herramientas low-code / no-code y explotación de datos. - Actuar como partner estratégico de los equipos de Operaciones, Transformación, Tecnología, áreas Comerciales, entre otros, asegurando que las iniciativas implementadas respondan tanto a necesidades actuales como a la evolución futura del negocio. - Definir y monitorear KPIs, riesgos y planes de mitigación de iniciativas y monitorear el desempeño de procesos para impulsar ajustes continuos que aseguren su eficiencia, estabilidad y capacidad de adaptación - Actuar como referente técnico y metodológico del equipo de Mejora Continua & Procesos, elevando estándares de ejecución, governance y toma de decisiones.","-5 años de experiencia en gestión, rediseño y transformación de procesos E2E -Experiencia liderando iniciativas en entornos de alta complejidad operacional y tecnológica -Deseable experiencia en retail, consumo masivo o industrial intensivas en operaciones y logística -Conocimiento avanzado en gestión por procesos, Lean Six Sigma, Design Thinking -Experiencia utilizando herramientas de inteligencia artificila en el día a día -Manejo avanzado de herramientas de análisis y explotación de datos (SQL, Python, Google Bigquery) -Manejo de herramientas de automatización Low/No Code (MS Power Platform) -Tienes inglés avanzado -Eres Ingeniero/a Civil Industrial, Comercial, Informático, o afín",Al postular serás notificado exclusivamente vía mail sobre el estado de tu postulación
Planner Senior,Gerencia Comercial,Quilicura,Quilicura,4434690,walmart,2026-07-14,2026-07-22,0.4068,Gerencia Comercial,Full Time,Walmart Chile,Chile,https://postulawalmartchile.cl/vacante/detalle/4434690/external,,"El team de Perecederos está buscando a su próximo/a Planner Senior para hacer la diferencia en nuestra Gerencia Comercial, reportando a Head Planner. ¡Esta oportunidad es para todos/as! Valoramos tu historia y eso que nos hace únicos. Es por eso que por un ambiente de trabajo inclusivo, en donde puedas ser tu mejor versión y hacer la diferencia junto a nosotros/as. *Esta oferta laboral se rige bajo la Ley Nº 21.015 que incentiva la inclusión de personas con discapacidad al mundo laboral. Tus funciones: - Liderar la construcción del plan financiero anual de ventas, margen y DOH para las divisiones a su cargo, en coordinación con el equipo comercial y el Head Planner. - Consolidar y coordinar la ejecución de presupuestos comerciales por categoría, fineline e ítem, asegurando consistencia entre los distintos niveles del negocio. - Elaborar y analizar forecast de ventas, compras y márgenes a corto y mediano plazo, anticipando desviaciones y proponiendo acciones correctivas. - Ser interlocutor clave con los gerentes divisionales, representando al equipo de planificación en la toma de decisiones tácticas. - Coordinar y supervisar la ejecución de campañas, promociones y estrategias de salida, asegurando su correcta implementación y control de presupuestario. - Monitorear y analizar indicadores clave del negocio (DOH, sell-through, márgen, obsolescencia), generando alertas y planes de acción. - Liderar iniciativas de mejora continua en procesos de planificación, automatización y eficiencia operativa. - Guiar y apoyar técnicamente a planners plenos y junios, promoviendo buenas prácticas y estandarización de procesos. - Participar en proyectos de transformación comercial, aportando visión de negocio y análisis estratégico.","-3 años de experiencia profesional, idealmente en áreas de planificación, área comercial o finanzas -Manejo de Microsoft Excel Avanzado (Tablas dinámicas, Cálculos Macro, Filtros avanzados) -Manejo de Tableau/Power Bi -Manejo de SQL -Conocimiento en Data Blending: Tableauprep / Alteryx (no excluyente) -Nivel de inglés intermedio -Eres Ingeniero/a Civil Industrial, Comercial, en información y Control de gestión, o afín",Al postular serás notificado exclusivamente vía mail sobre el estado de tu postulación
Prevencionista De Riesgo,Gerencia de Ética y Cumplimiento,Quilicura,Quilicura,4440899,walmart,2026-07-14,2026-07-22,0.4199,Gerencia de Ética y Cumplimiento,Full Time,Walmart Chile,Chile,https://postulawalmartchile.cl/vacante/detalle/4440899/external,,"Tus funciones: - Asegurar el cumplimiento de la ley Nº16.744  y sus reglamentos complementarios. - Verificar el cumplimiento de las empresas externas que cumplan funciones como Outsourcing y EST dentro de las instalaciones. - Llevar a cabo actividades establecidas en el Programa establecido de Prevención de Riesgos. - Hacer uso de aplicaciones Tecnológicas para controlar y evidenciar inspecciones de condiciones de trabajo en las diferentes unidades de negocio. - Capacitar y orientar a colaboradores en el uso correcto de EPP y medidas de prevención de accidentes y enfermedades laborales. - Liderar procesos de fiscalización, prestando apoyo técnico cuando sea requerido por la operación. - Análisis y evaluar y dar cierre a las brechas detectadas en informes técnicos de evaluación realizados por el Organismo Administrador. - Adoptar todas las medidas necesarias para asegurar el cumplimiento del D.S 594. - Mantener contacto y organización con el Organismo Administrador, promoviendo las recomendaciones que dispongan en las diferentes unidades de negocio para evitar accidentes de trabajo y enfermedades profesionales. - Informar a su jefatura directa cualquier incumplimiento o medida que se atribuya riesgo a la salud de las personas. - Asesorar y guiar a los Comités Paritarios a su cargo, fomentando el empoderamiento y liderazgo correspondiente a su rol. Dando cumplimento a la Ley 16.744 del D.S 44. - Definir e indicar a lideres de la operación cualquier medida de seguridad que considere evitar accidentes graves, amagos de incendio y multas. - Mantener conexión directa con Jefaturas a cargo de equipos de trabajo, potenciando su liderazgo respecto a promover una cultura preventiva.","-Ingeniero en prevención de riesgos o ingeniero en prevención de riesgos y medio ambiente. -Experiencia en Retail, Platas Productivas y CD (Deseable) -Manejo de sistemas nivel usuario",Al postular serás notificado exclusivamente vía mail sobre el estado de tu postulación
Project Manager Digital,Gerencia Walmart Digital,Quilicura,Quilicura,4456915,walmart,2026-07-21,2026-07-22,0.3924,Gerencia Walmart Digital,Full Time,Walmart Chile,Chile,https://postulawalmartchile.cl/vacante/detalle/4456915/external,,"El team de Digital está buscando a su próximo/a Project Manager Senior Digital para hacer la diferencia en nuestra Gerencia Walmart Digital. ¡Esta oportunidad es para todos/as! Valoramos tu historia y eso que nos hace únicos. Es por eso que pot un ambiente de trabajo inclusivo, en donde puedas ser tu mejor versión y hacer la diferencia junto a nosotros/as. *Esta oferta laboral se rige bajo la Ley Nº 21.015 que incentiva la inclusión de personas con discapacidad al mundo laboral. Tus principales desafíos serán: - Lidera la planificación estratégica y ejecución de nuevos lanzamientos de productos digitales, estableciendo hojas de rutas claras, riesgos potenciales, hitos medibles y coordinando recursos necesarios entre los distintos departamentos - Estima y mide las iniciativas y nuevos productos digitales para el negocio, a través de un roadmap a mediano y largo plazo. Prioriza en función del impacto comercial, ejecuta pruebas de lanzamiento y mide resultados asociados. - Gestiona la comunicación transversal entre equipos multidisciplinarios, actuando como puente para alinear objetivos, resolver conflictos y asegurar que todas las áreas trabajen sincronizadas hacia las metas del proyecto. Uso de metodología ágil y KPIs de éxito y seguimiento. - Construye y mantiene relaciones solidas con stakeholders claves, asegurando su compromiso y participación del proyecto mediante reportes ejecutivos periódicos, sesiones de retroalimentación y gestionando efectivamente las expectativas en cada fase.","-3 años de experiencia manejando proyectos de productos digitales, preferencia publicidad o marketing -Tienes dominio práctico en metodologías agiles -Comprensión sólida de productos publicitarios digitales -Dominio de herramientas de gestión de proyectos -Te manejas en un inglés intermedio -Eres Ingeniero/a Civil Industrial, o Comercial, o carrera afín",Al postular serás notificado exclusivamente vía mail sobre el estado de tu postulación
Project Manager Instore,Gerencia Walmart Digital,Huechuraba,Huechuraba,4456903,walmart,2026-07-21,2026-07-22,0.3411,Gerencia Walmart Digital,Full Time,Walmart Chile,Chile,https://postulawalmartchile.cl/vacante/detalle/4456903/external,,"El team de Instore está buscando a su próximo/a Project Manager Senior Instore para hacer la diferencia en nuestro equipo de Walmart Digital. ¡Esta oportunidad es para todos/as! Valoramos tu historia y eso que nos hace únicos. Es por eso que por un ambiente de trabajo inclusivo, en donde puedas ser tu mejor versión y hacer la diferencia junto a nosotros/as. *Esta oferta laboral se rige bajo la Ley Nº 21.015 que incentiva la inclusión de personas con discapacidad al mundo laboral. Tus principales desafíos serán: - Desarrolla la monetización del canal físico, a través de la apertura de nuevos formatos (superbodega acuenta y central mayorista). - Impulsa el crecimiento del negocio instore a través de lanzamientos de nuevos elementos de publicidad para todos los formatos. Foco en el benchmark de otros mercados y potenciar la experiencia de cliente - Gestiona la comunicación transversal entre equipos multidisciplinarios, actuando como puente para alinear objetivos, resolver conflictos y asegurar que todas las áreas trabajen sincronizadas hacia las metas del proyecto. Uso de metodología ágil y KPIs de éxito y seguimiento. - Construye y mantiene relaciones solidas con stakeholders claves, asegurando su compromiso y participación del proyecto mediante reportes ejecutivos periódicos, sesiones de retroalimentación y gestionando efectivamente las expectativas en cada fase. - Define KPIs de éxito, workflow de seguimiento y vsibilidad. Responsable de la medición de los lanzamientos lleve a cabo para entregar a cliente e impulsar la mejora continua.","-3 años de experiencia manejando proyectos, lanzamiento go to market en publicidad o marketing -Dominio práctico en metodologías agiles -Comprensión sólida de productos publicitarios, preferencia publicidad tradicional física -Dominio de herramientas de gestión de proyectos -Capacidad analítica para medición de impacto en tienda -Experiencia práctica con herramientas de manejo de datos -Tienes inglés intermedio -Eres Ingeniero/a Civil, Comercial, o carrera afín",Al postular serás notificado exclusivamente vía mail sobre el estado de tu postulación
Project Manager Yield Y Revenue Management,Gerencia Walmart Digital,Huechuraba,Huechuraba,4435546,walmart,2026-07-14,2026-07-22,0.3955,Gerencia Walmart Digital,Full Time,Walmart Chile,Chile,https://postulawalmartchile.cl/vacante/detalle/4435546/external,,"El team de Yield y RM está buscando a su próximo/a Project Manager Yiedl y Revenue Management para hacer la diferencia en nuestro equipo de la Gerencia Walmart Digital. ¡Esta oportunidad es para todos/as! Valoramos tu historia y eso que nos hace únicos. Es por eso que por un ambiente de trabajo inclusivo, en donde puedas ser tu mejor versión y hacer la diferencia junto a nosotros/as. *Esta oferta laboral se rige bajo la Ley Nº 21.015 que incentiva la inclusión de personas con discapacidad al mundo laboral. Tus principales desafíos serán: - Lidera la estrategia de pricing de los productos digital e instore, definiendo modelos de precios, paquetes comerciales y criterios de valorización alineados a la propuesta de valor de cada producto. - Desarrolla y mantiene modelos financieros para evaluar nuevas iniciativas, productos y oportunidades de crecimiento, construyendo business cases y estimando impacto en revenue, margen y P&L. - Lidera la construcción y seguimiento del Annual Operating Plan (AOP) y Long Range Plan (LRP) proyectando revenue, crecimiento y monetización por producto. - Realiza benchmarking de mercado y análisis competitivo de Retail Media, identificando tendencias, mejores prácticas y oportunidades de monetización. - Define y monitorea indicadores clave de revenue, yield, CPM, fill rate y productividad de inventario . - Gestiona la comunicación y trabajo en equipo con equipos comerciales, operaciones, finanzas y producto para alinear estrategias de crecimiento, validar oportunidades y priorizar inversiones.","-4 años de experiencia en planificación estratégica, revenue management, pricing y negocio -Experiencia liderando procesos de planificación financiera: AOP, LRP y Business cases -Gestión de relación con stakeholders -Sólidos conocimientos de pricing y revenue management, para productos y servicios -Conocimiento avanzado de modelamiento financiero y análisis P&L -Conocimiento de métricas de retail media y publicación digital -Excel avanzado y modelamientos de escenarios -Tienes inglés intermedio-avanzado -Eres Ingeniero Civil, Comercial, Finanzas o carrera afín",Al postular serás notificado exclusivamente vía mail sobre el estado de tu postulación
Subegerente Customer Intelligence,Gerencia de Marketing y Clientes,Quilicura,Quilicura,4411676,walmart,2026-07-14,2026-07-22,0.4519,Gerencia de Marketing y Clientes,Full Time,Walmart Chile,Chile,https://postulawalmartchile.cl/vacante/detalle/4411676/external,,"¿Tienes ganas de hacer la diferencia y alcanzar tu mejor versión? En Walmart Chile nos transformamos día a día para brindar la mejor experiencia omnicanal a nuestros clientes y generar impacto real en colaboradores y comunidades. Somos el retail minorista más grande del mundo y uno de los principales empleadores de Chile, presentes a través de Lider, Express de Lider, Super Bodega aCuenta, Central Mayorista, Lider App y Lider Web. El equipo de Customer Knowledge está buscando a su próximo/a Subgerente Intelligence. *Esta oferta laboral se rige bajo la Ley Nº 21.015 que incentiva la inclusión de personas con discapacidad al mundo laboral. Principales funciones: Gobierna la data de clientes, definiendo datos a recolectar y cómo estructurarlos asegurando su calidad, consistencia y trazabilidad. Diseña y lidera la estrategia de inteligencia de clientes, priorizando los focos analíticos de mayor impacto para el negocio. Desarrolla analítica descriptiva, predictiva y avanzada para entender, explicar y anticipar el comportamiento de los clientes, a través de productos de data e información escalables. Define, construye y evoluciona KPIs de cliente que permitan monitorear la salud, el valor y el comportamiento de la base. Lidera al equipo de Intelligence, fortaleciendo capacidades técnicas, analíticas, consultivas y comunicacionales. Requisitos: • Título en Ingeniería Civil Industrial, Ingeniería Comercial, Estadística, Matemáticas o carrera afín. • Al menos 7 años de experiencia en customer intelligence, BI, advanced analytics, CRM, customer analytics o data strategy. • Experiencia deseable en retail, consumo masivo, e-commerce, banca, telco o industrias con alto volumen de datos. • Experiencia en analítica avanzada, estrategias de datos e inteligencia artificial aplicada al negocio. • Capacidad para generar customer insights, storytelling y gestión de stakeholders. • Inglés avanzado. • Manejo deseable de SQL, Power BI, Tableau, Python, R o herramientas similares.","-+7 años en BI, analytics, customer intelligence o data strategy. -Ingeniero Civil Industrial, Ingeniero Comercial, Estadístico, Matemático o carrera afín. -Experiencia en retail, banca, e-commerce o industrias data-driven. -Analítica avanzada y predictiva orientada a clientes. -Estrategia de datos alineada a objetivos de negocio. -IA aplicada a insights y toma de decisiones. -Gestión de KPIs y segmentación de clientes. -Generación de insights y gestión de stakeholders. -Inglés avanzado. -Manejo de SQL, Power BI, Tableau, Python, R o similares.",Al postular serás notificado exclusivamente vía mail sobre el estado de tu postulación
Subgerente De Planificación Y Análisis De Pérdidas,Gerencia Central Ops,Huechuraba,Huechuraba,4449671,walmart,2026-07-14,2026-07-22,0.4442,Gerencia Central Ops,Full Time,Walmart Chile,Chile,https://postulawalmartchile.cl/vacante/detalle/4449671/external,,"¿Cuáles serían tus principales desafíos? - Dirigir la planificación, desarrollo y validación del plan anual y 5YP de merma retail, dañado, fresh loss y otros KPI’s de Pérdida Total. Definir y controlar los indicadores financieros de la gestión de pérdida asegurando el registro financiero y transaccional. - Liderar y diseñar los indicadores estratégicos en la gestión de pérdidas, para diferentes niveles de la compañía. - Definir y desarrollar modelos predictivos de forecast de Pérdida Total y provisiones de merma, a través de la revisión y mejora continua de dichos modelos. - Definir y Crear la metodología de gestión del uso de información, desarrollando un equipo de análisis transversal a toda la cadena de distribución de Walmart Chile. - Generar y dirigir procesos de detección de causas raíces que genera correcciones definitivas de errores que impactan financieramente en los resultados de Walmart Chile. - Investigar la información de la compañía para detectar posibles nuevos focos de fraude con impacto en los inventarios de mercadería, levantando las alertas para su investigación y definiciones de próximos pasos y toma de decisiones. - Revisar y analizar la eficiencia de técnicas de prevención con el fin determinar su eficiencia y realizar los mecanismos de corrección. Mejorar procesos de recolección de datos para incluir información que es relevante para el diseño de sistemas analíticos y de investigación. Procesando, limpiando y verificando la integridad de la información utilizada para los análisis.","-Titulado de Ingeniería Comercial, Ingeniería Civil o afín. -Experiencia en empresas de retail, multinacional y/o consumo masivo. -Manejo avanzado de herramientas de IA y de software tales como Excel, Access, Querys, SAP. -Inglés Avanzado -Experiencia con procesos de gestión de Inventarios en Retail y Perecederos.",Al postular serás notificado exclusivamente vía mail sobre el estado de tu postulación
Subgerente Productividad Marca Líder,Gerencia Operaciones,Quilicura,Quilicura,4455251,walmart,2026-07-18,2026-07-22,0.394,Gerencia Operaciones,Full Time,Walmart Chile,Chile,https://postulawalmartchile.cl/vacante/detalle/4455251/external,,"El team de Central Ops está buscando a su próximo/a Subgerente Productividad Marca Líder para hacer la diferencia en nuestro equipo de Soporte Operaciones Valoramos tu historia y eso que nos hace únicos. Es por eso impulsamos una Cultura en donde puedes ser tu mejor versión y hacer la diferencia impactando el vivir mejor de las personas. *Esta oferta laboral se rige bajo la Ley Nº 21.015 que incentiva la inclusión de personas con discapacidad al mundo laboral. ¿Cuáles serían tus principales desafíos?. Diseñar y proponer una estrategia de dimensionamiento de dotaciones (internas, externas y de proveedores Gestionar y proponer una estrategia de planificación operacional  para Marca Lider, considerando sus distintas propuestas de valor y avances en omnicanalidad. Gestionar y definir dimensionamiento de dotaciones, basados en estándares de servicio, productividad, roles, estructuras organizativas y capacidades de los equipos, acordes al modelo operativo de cada Marca. Liderar, diseñar y ejecuta técnicamente la distribución y planificación operacional acorde al modelo operativo multifuncional de la compañía y la estrategia de dimensionamiento de dotaciones Modelar y desarrollar estudios y simulaciones de configuraciones operativas y de dotaciones para alcanzar estándares de servicio y productividad","-3 años de experiencia en funciones de Dimensionamiento o Workforce Managment en industrias masivas. -Experiencia en modelos de planificación de recursos. -Experiencia en diseño organizacional de estructuras y modelos operacionales en tienda. -Conocimiento avanzado en herramientas de modelamiento matemático, forecasting y simulación. -Manejo de datos avanzado, SQL y BigQuery, Software de simulación. -Manejo de presentaciones de alta dirección -Conocimiento en condiciones laborales/legales/sindicales.",Al postular serás notificado exclusivamente vía mail sobre el estado de tu postulación
